traceId,spanId,parentSpanId,timestamp,srcService,srcRoute,dstService,dstRoute,latency_ms,latency,rps
trace000001,span000001,,2025-01-15T10:00:00+00:00,api-gateway,/v1/users,cache-service,/get,4.9,5.0,1
trace000002,span000002,,2025-01-15T10:00:00+00:00,api-gateway,/v1/users,db-service,/query,16.2,16.2,1
trace000003,span000003,,2025-01-15T10:00:00+00:00,api-gateway,/v1/orders,inventory-service,/check,17.3,17.4,1
trace000004,span000004,,2025-01-15T10:00:01+00:00,api-gateway,/v1/users,cache-service,/get,4.7,4.6,3
trace000005,span000005,,2025-01-15T10:00:01+00:00,api-gateway,/v1/users,db-service,/query,15.2,15.0,3
trace000006,span000006,,2025-01-15T10:00:01+00:00,api-gateway,/v1/orders,inventory-service,/check,22.4,22.1,3
trace000007,span000007,,2025-01-15T10:00:02+00:00,api-gateway,/v1/users,cache-service,/get,5.2,5.4,5
trace000008,span000008,,2025-01-15T10:00:02+00:00,api-gateway,/v1/users,db-service,/query,16.8,16.9,5
trace000009,span000009,,2025-01-15T10:00:02+00:00,api-gateway,/v1/orders,inventory-service,/check,18.6,18.6,5
trace000010,span000010,,2025-01-15T10:00:03+00:00,api-gateway,/v1/users,cache-service,/get,4.9,4.8,8
trace000011,span000011,,2025-01-15T10:00:03+00:00,api-gateway,/v1/users,db-service,/query,15.1,14.8,8
trace000012,span000012,,2025-01-15T10:00:03+00:00,api-gateway,/v1/orders,inventory-service,/check,20.6,20.6,8
trace000013,span000013,,2025-01-15T10:00:04+00:00,api-gateway,/v1/users,cache-service,/get,4.7,4.9,9
trace000014,span000014,,2025-01-15T10:00:04+00:00,api-gateway,/v1/users,db-service,/query,14.1,14.1,9
trace000015,span000015,,2025-01-15T10:00:04+00:00,api-gateway,/v1/orders,inventory-service,/check,17.2,17.1,9
trace000016,span000016,,2025-01-15T10:00:05+00:00,api-gateway,/v1/users,cache-service,/get,4.7,4.5,10
trace000017,span000017,,2025-01-15T10:00:05+00:00,api-gateway,/v1/users,db-service,/query,16.1,16.3,10
trace000018,span000018,,2025-01-15T10:00:05+00:00,api-gateway,/v1/orders,inventory-service,/check,22.6,22.3,10
trace000019,span000019,,2025-01-15T10:00:06+00:00,api-gateway,/v1/users,cache-service,/get,4.7,4.5,9
trace000020,span000020,,2025-01-15T10:00:06+00:00,api-gateway,/v1/users,db-service,/query,14.3,14.1,9
trace000021,span000021,,2025-01-15T10:00:06+00:00,api-gateway,/v1/orders,inventory-service,/check,17.5,17.5,9
trace000022,span000022,,2025-01-15T10:00:07+00:00,api-gateway,/v1/users,cache-service,/get,5.4,5.3,10
trace000023,span000023,,2025-01-15T10:00:07+00:00,api-gateway,/v1/users,db-service,/query,17.0,16.8,10
trace000024,span000024,,2025-01-15T10:00:07+00:00,api-gateway,/v1/orders,inventory-service,/check,22.9,22.6,10
trace000025,span000025,,2025-01-15T10:00:08+00:00,api-gateway,/v1/users,cache-service,/get,5.3,5.2,10
trace000026,span000026,,2025-01-15T10:00:08+00:00,api-gateway,/v1/users,db-service,/query,15.3,15.1,10
trace000027,span000027,,2025-01-15T10:00:08+00:00,api-gateway,/v1/orders,inventory-service,/check,18.5,18.3,10
trace000028,span000028,,2025-01-15T10:00:09+00:00,api-gateway,/v1/users,cache-service,/get,5.4,5.3,10
trace000029,span000029,,2025-01-15T10:00:09+00:00,api-gateway,/v1/users,db-service,/query,14.2,14.1,10
trace000030,span000030,,2025-01-15T10:00:09+00:00,api-gateway,/v1/orders,inventory-service,/check,22.5,22.6,10
trace000031,span000031,,2025-01-15T10:00:10+00:00,api-gateway,/v1/users,cache-service,/get,4.9,5.0,9
trace000032,span000032,,2025-01-15T10:00:10+00:00,api-gateway,/v1/users,db-service,/query,13.6,13.6,9
trace000033,span000033,,2025-01-15T10:00:10+00:00,api-gateway,/v1/orders,inventory-service,/check,17.3,17.6,9
trace000034,span000034,,2025-01-15T10:00:11+00:00,api-gateway,/v1/users,cache-service,/get,5.4,5.6,10
trace000035,span000035,,2025-01-15T10:00:11+00:00,api-gateway,/v1/users,db-service,/query,15.8,15.8,10
trace000036,span000036,,2025-01-15T10:00:11+00:00,api-gateway,/v1/orders,inventory-service,/check,18.0,17.9,10
trace000037,span000037,,2025-01-15T10:00:12+00:00,api-gateway,/v1/users,cache-service,/get,5.1,5.0,9
trace000038,span000038,,2025-01-15T10:00:12+00:00,api-gateway,/v1/users,db-service,/query,15.5,15.6,9
trace000039,span000039,,2025-01-15T10:00:12+00:00,api-gateway,/v1/orders,inventory-service,/check,21.1,21.2,9
trace000040,span000040,,2025-01-15T10:00:13+00:00,api-gateway,/v1/users,cache-service,/get,5.0,4.8,9
trace000041,span000041,,2025-01-15T10:00:13+00:00,api-gateway,/v1/users,db-service,/query,16.4,16.7,9
trace000042,span000042,,2025-01-15T10:00:13+00:00,api-gateway,/v1/orders,inventory-service,/check,19.1,19.1,9
trace000043,span000043,,2025-01-15T10:00:14+00:00,api-gateway,/v1/users,cache-service,/get,5.2,5.3,10
trace000044,span000044,,2025-01-15T10:00:14+00:00,api-gateway,/v1/users,db-service,/query,13.4,13.4,10
trace000045,span000045,,2025-01-15T10:00:14+00:00,api-gateway,/v1/orders,inventory-service,/check,21.3,21.1,10
trace000046,span000046,,2025-01-15T10:00:15+00:00,api-gateway,/v1/users,cache-service,/get,4.9,4.6,9
trace000047,span000047,,2025-01-15T10:00:15+00:00,api-gateway,/v1/users,db-service,/query,15.3,15.0,9
trace000048,span000048,,2025-01-15T10:00:15+00:00,api-gateway,/v1/orders,inventory-service,/check,21.3,21.3,9
trace000049,span000049,,2025-01-15T10:00:16+00:00,api-gateway,/v1/users,cache-service,/get,4.5,4.4,10
trace000050,span000050,,2025-01-15T10:00:16+00:00,api-gateway,/v1/users,db-service,/query,14.4,14.6,10
trace000051,span000051,,2025-01-15T10:00:16+00:00,api-gateway,/v1/orders,inventory-service,/check,17.4,17.3,10
trace000052,span000052,,2025-01-15T10:00:17+00:00,api-gateway,/v1/users,cache-service,/get,5.5,5.3,10
trace000053,span000053,,2025-01-15T10:00:17+00:00,api-gateway,/v1/users,db-service,/query,13.4,13.5,10
trace000054,span000054,,2025-01-15T10:00:17+00:00,api-gateway,/v1/orders,inventory-service,/check,21.1,21.2,10
trace000055,span000055,,2025-01-15T10:00:18+00:00,api-gateway,/v1/users,cache-service,/get,4.6,4.7,10
trace000056,span000056,,2025-01-15T10:00:18+00:00,api-gateway,/v1/users,db-service,/query,16.2,16.3,10
trace000057,span000057,,2025-01-15T10:00:18+00:00,api-gateway,/v1/orders,inventory-service,/check,21.4,21.6,10
trace000058,span000058,,2025-01-15T10:00:19+00:00,api-gateway,/v1/users,cache-service,/get,4.9,4.6,10
trace000059,span000059,,2025-01-15T10:00:19+00:00,api-gateway,/v1/users,db-service,/query,14.9,15.1,10
trace000060,span000060,,2025-01-15T10:00:19+00:00,api-gateway,/v1/orders,inventory-service,/check,17.6,17.4,10
trace000061,span000061,,2025-01-15T10:00:20+00:00,api-gateway,/v1/users,cache-service,/get,5.0,5.2,10
trace000062,span000062,,2025-01-15T10:00:20+00:00,api-gateway,/v1/users,db-service,/query,16.1,16.2,10
trace000063,span000063,,2025-01-15T10:00:20+00:00,api-gateway,/v1/orders,inventory-service,/check,18.5,18.6,10
trace000064,span000064,,2025-01-15T10:00:21+00:00,api-gateway,/v1/users,cache-service,/get,4.9,4.6,10
trace000065,span000065,,2025-01-15T10:00:21+00:00,api-gateway,/v1/users,db-service,/query,16.5,16.7,10
trace000066,span000066,,2025-01-15T10:00:21+00:00,api-gateway,/v1/orders,inventory-service,/check,22.3,22.6,10
trace000067,span000067,,2025-01-15T10:00:22+00:00,api-gateway,/v1/users,cache-service,/get,5.1,5.3,9
trace000068,span000068,,2025-01-15T10:00:22+00:00,api-gateway,/v1/users,db-service,/query,14.1,13.9,9
trace000069,span000069,,2025-01-15T10:00:22+00:00,api-gateway,/v1/orders,inventory-service,/check,19.3,19.4,9
trace000070,span000070,,2025-01-15T10:00:23+00:00,api-gateway,/v1/users,cache-service,/get,5.0,5.1,10
trace000071,span000071,,2025-01-15T10:00:23+00:00,api-gateway,/v1/users,db-service,/query,14.3,14.6,10
trace000072,span000072,,2025-01-15T10:00:23+00:00,api-gateway,/v1/orders,inventory-service,/check,20.2,20.4,10
trace000073,span000073,,2025-01-15T10:00:24+00:00,api-gateway,/v1/users,cache-service,/get,5.1,5.1,10
trace000074,span000074,,2025-01-15T10:00:24+00:00,api-gateway,/v1/users,db-service,/query,16.1,15.9,10
trace000075,span000075,,2025-01-15T10:00:24+00:00,api-gateway,/v1/orders,inventory-service,/check,21.0,20.9,10
trace000076,span000076,,2025-01-15T10:00:25+00:00,api-gateway,/v1/users,cache-service,/get,5.3,5.2,9
trace000077,span000077,,2025-01-15T10:00:25+00:00,api-gateway,/v1/users,db-service,/query,13.9,13.9,9
trace000078,span000078,,2025-01-15T10:00:25+00:00,api-gateway,/v1/orders,inventory-service,/check,18.7,18.6,9
trace000079,span000079,,2025-01-15T10:00:26+00:00,api-gateway,/v1/users,cache-service,/get,5.0,5.3,9
trace000080,span000080,,2025-01-15T10:00:26+00:00,api-gateway,/v1/users,db-service,/query,13.4,13.3,9
trace000081,span000081,,2025-01-15T10:00:26+00:00,api-gateway,/v1/orders,inventory-service,/check,22.4,22.6,9
trace000082,span000082,,2025-01-15T10:00:27+00:00,api-gateway,/v1/users,cache-service,/get,5.3,5.5,10
trace000083,span000083,,2025-01-15T10:00:27+00:00,api-gateway,/v1/users,db-service,/query,15.3,15.2,10
trace000084,span000084,,2025-01-15T10:00:27+00:00,api-gateway,/v1/orders,inventory-service,/check,20.5,20.5,10
trace000085,span000085,,2025-01-15T10:00:28+00:00,api-gateway,/v1/users,cache-service,/get,4.6,4.8,9
trace000086,span000086,,2025-01-15T10:00:28+00:00,api-gateway,/v1/users,db-service,/query,13.6,13.4,9
trace000087,span000087,,2025-01-15T10:00:28+00:00,api-gateway,/v1/orders,inventory-service,/check,22.7,22.7,9
trace000088,span000088,,2025-01-15T10:00:29+00:00,api-gateway,/v1/users,cache-service,/get,5.0,4.9,9
trace000089,span000089,,2025-01-15T10:00:29+00:00,api-gateway,/v1/users,db-service,/query,15.5,15.5,9
trace000090,span000090,,2025-01-15T10:00:29+00:00,api-gateway,/v1/orders,inventory-service,/check,19.4,19.5,9
trace000091,span000091,,2025-01-15T10:00:30+00:00,api-gateway,/v1/users,cache-service,/get,4.9,4.9,10
trace000092,span000092,,2025-01-15T10:00:30+00:00,api-gateway,/v1/users,db-service,/query,16.1,15.9,10
trace000093,span000093,,2025-01-15T10:00:30+00:00,api-gateway,/v1/orders,inventory-service,/check,22.8,23.0,10
trace000094,span000094,,2025-01-15T10:00:31+00:00,api-gateway,/v1/users,cache-service,/get,4.7,4.6,9
trace000095,span000095,,2025-01-15T10:00:31+00:00,api-gateway,/v1/users,db-service,/query,15.9,16.0,9
trace000096,span000096,,2025-01-15T10:00:31+00:00,api-gateway,/v1/orders,inventory-service,/check,18.8,19.0,9
trace000097,span000097,,2025-01-15T10:00:32+00:00,api-gateway,/v1/users,cache-service,/get,4.9,4.6,9
trace000098,span000098,,2025-01-15T10:00:32+00:00,api-gateway,/v1/users,db-service,/query,15.7,15.9,9
trace000099,span000099,,2025-01-15T10:00:32+00:00,api-gateway,/v1/orders,inventory-service,/check,21.7,21.6,9
trace000100,span000100,,2025-01-15T10:00:33+00:00,api-gateway,/v1/users,cache-service,/get,5.0,5.1,9
trace000101,span000101,,2025-01-15T10:00:33+00:00,api-gateway,/v1/users,db-service,/query,16.4,16.6,9
trace000102,span000102,,2025-01-15T10:00:33+00:00,api-gateway,/v1/orders,inventory-service,/check,19.4,19.6,9
trace000103,span000103,,2025-01-15T10:00:34+00:00,api-gateway,/v1/users,cache-service,/get,5.2,5.4,10
trace000104,span000104,,2025-01-15T10:00:34+00:00,api-gateway,/v1/users,db-service,/query,13.6,13.6,10
trace000105,span000105,,2025-01-15T10:00:34+00:00,api-gateway,/v1/orders,inventory-service,/check,22.9,22.7,10
trace000106,span000106,,2025-01-15T10:00:35+00:00,api-gateway,/v1/users,cache-service,/get,5.2,5.4,12
trace000107,span000107,,2025-01-15T10:00:35+00:00,api-gateway,/v1/users,db-service,/query,15.6,15.5,12
trace000108,span000108,,2025-01-15T10:00:35+00:00,api-gateway,/v1/orders,inventory-service,/check,20.4,20.6,12
trace000109,span000109,,2025-01-15T10:00:36+00:00,api-gateway,/v1/users,cache-service,/get,4.9,5.0,14
trace000110,span000110,,2025-01-15T10:00:36+00:00,api-gateway,/v1/users,db-service,/query,16.8,16.6,14
trace000111,span000111,,2025-01-15T10:00:36+00:00,api-gateway,/v1/orders,inventory-service,/check,20.0,19.9,14
trace000112,span000112,,2025-01-15T10:00:37+00:00,api-gateway,/v1/users,cache-service,/get,4.7,4.5,16
trace000113,span000113,,2025-01-15T10:00:37+00:00,api-gateway,/v1/users,db-service,/query,13.4,13.5,16
trace000114,span000114,,2025-01-15T10:00:37+00:00,api-gateway,/v1/orders,inventory-service,/check,19.3,19.5,16
trace000115,span000115,,2025-01-15T10:00:38+00:00,api-gateway,/v1/users,cache-service,/get,5.0,5.0,18
trace000116,span000116,,2025-01-15T10:00:38+00:00,api-gateway,/v1/users,db-service,/query,15.3,15.6,18
trace000117,span000117,,2025-01-15T10:00:38+00:00,api-gateway,/v1/orders,inventory-service,/check,22.3,22.0,18
trace000118,span000118,,2025-01-15T10:00:39+00:00,api-gateway,/v1/users,cache-service,/get,5.4,5.3,20
trace000119,span000119,,2025-01-15T10:00:39+00:00,api-gateway,/v1/users,db-service,/query,16.2,16.5,20
trace000120,span000120,,2025-01-15T10:00:39+00:00,api-gateway,/v1/orders,inventory-service,/check,17.5,17.4,20
trace000121,span000121,,2025-01-15T10:00:40+00:00,api-gateway,/v1/users,cache-service,/get,5.1,5.0,22
trace000122,span000122,,2025-01-15T10:00:40+00:00,api-gateway,/v1/users,db-service,/query,15.6,15.6,22
trace000123,span000123,,2025-01-15T10:00:40+00:00,api-gateway,/v1/orders,inventory-service,/check,17.7,18.0,22
trace000124,span000124,,2025-01-15T10:00:41+00:00,api-gateway,/v1/users,cache-service,/get,5.3,5.2,23
trace000125,span000125,,2025-01-15T10:00:41+00:00,api-gateway,/v1/users,db-service,/query,14.9,15.1,23
trace000126,span000126,,2025-01-15T10:00:41+00:00,api-gateway,/v1/orders,inventory-service,/check,19.6,19.4,23
trace000127,span000127,,2025-01-15T10:00:42+00:00,api-gateway,/v1/users,cache-service,/get,5.3,5.0,26
trace000128,span000128,,2025-01-15T10:00:42+00:00,api-gateway,/v1/users,db-service,/query,16.0,16.3,26
trace000129,span000129,,2025-01-15T10:00:42+00:00,api-gateway,/v1/orders,inventory-service,/check,17.1,16.9,26
trace000130,span000130,,2025-01-15T10:00:43+00:00,api-gateway,/v1/users,cache-service,/get,5.2,5.3,27
trace000131,span000131,,2025-01-15T10:00:43+00:00,api-gateway,/v1/users,db-service,/query,13.9,14.0,27
trace000132,span000132,,2025-01-15T10:00:43+00:00,api-gateway,/v1/orders,inventory-service,/check,18.6,18.5,27
trace000133,span000133,,2025-01-15T10:00:44+00:00,api-gateway,/v1/users,cache-service,/get,5.3,5.2,29
trace000134,span000134,,2025-01-15T10:00:44+00:00,api-gateway,/v1/users,db-service,/query,16.6,16.8,29
trace000135,span000135,,2025-01-15T10:00:44+00:00,api-gateway,/v1/orders,inventory-service,/check,17.2,17.0,29
trace000136,span000136,,2025-01-15T10:00:45+00:00,api-gateway,/v1/users,cache-service,/get,5.3,5.5,30
trace000137,span000137,,2025-01-15T10:00:45+00:00,api-gateway,/v1/users,db-service,/query,14.6,14.6,30
trace000138,span000138,,2025-01-15T10:00:45+00:00,api-gateway,/v1/orders,inventory-service,/check,21.4,21.3,30
trace000139,span000139,,2025-01-15T10:00:46+00:00,api-gateway,/v1/users,cache-service,/get,4.5,4.5,29
trace000140,span000140,,2025-01-15T10:00:46+00:00,api-gateway,/v1/users,db-service,/query,15.1,15.1,29
trace000141,span000141,,2025-01-15T10:00:46+00:00,api-gateway,/v1/orders,inventory-service,/check,20.8,20.9,29
trace000142,span000142,,2025-01-15T10:00:47+00:00,api-gateway,/v1/users,cache-service,/get,5.1,5.4,29
trace000143,span000143,,2025-01-15T10:00:47+00:00,api-gateway,/v1/users,db-service,/query,13.8,14.1,29
trace000144,span000144,,2025-01-15T10:00:47+00:00,api-gateway,/v1/orders,inventory-service,/check,21.6,21.8,29
trace000145,span000145,,2025-01-15T10:00:48+00:00,api-gateway,/v1/users,cache-service,/get,5.3,5.4,29
trace000146,span000146,,2025-01-15T10:00:48+00:00,api-gateway,/v1/users,db-service,/query,15.6,15.8,29
trace000147,span000147,,2025-01-15T10:00:48+00:00,api-gateway,/v1/orders,inventory-service,/check,22.2,22.1,29
trace000148,span000148,,2025-01-15T10:00:49+00:00,api-gateway,/v1/users,cache-service,/get,5.3,5.5,29
trace000149,span000149,,2025-01-15T10:00:49+00:00,api-gateway,/v1/users,db-service,/query,14.1,14.0,29
trace000150,span000150,,2025-01-15T10:00:49+00:00,api-gateway,/v1/orders,inventory-service,/check,18.8,18.5,29
trace000151,span000151,,2025-01-15T10:00:50+00:00,api-gateway,/v1/users,cache-service,/get,4.7,4.6,29
trace000152,span000152,,2025-01-15T10:00:50+00:00,api-gateway,/v1/users,db-service,/query,16.2,16.1,29
trace000153,span000153,,2025-01-15T10:00:50+00:00,api-gateway,/v1/orders,inventory-service,/check,17.7,17.9,29
trace000154,span000154,,2025-01-15T10:00:51+00:00,api-gateway,/v1/users,cache-service,/get,4.6,4.8,30
trace000155,span000155,,2025-01-15T10:00:51+00:00,api-gateway,/v1/users,db-service,/query,14.0,14.2,30
trace000156,span000156,,2025-01-15T10:00:51+00:00,api-gateway,/v1/orders,inventory-service,/check,18.8,19.0,30
trace000157,span000157,,2025-01-15T10:00:52+00:00,api-gateway,/v1/users,cache-service,/get,5.2,5.5,30
trace000158,span000158,,2025-01-15T10:00:52+00:00,api-gateway,/v1/users,db-service,/query,16.8,16.6,30
trace000159,span000159,,2025-01-15T10:00:52+00:00,api-gateway,/v1/orders,inventory-service,/check,20.5,20.8,30
trace000160,span000160,,2025-01-15T10:00:53+00:00,api-gateway,/v1/users,cache-service,/get,5.5,5.6,29
trace000161,span000161,,2025-01-15T10:00:53+00:00,api-gateway,/v1/users,db-service,/query,13.7,13.7,29
trace000162,span000162,,2025-01-15T10:00:53+00:00,api-gateway,/v1/orders,inventory-service,/check,20.9,21.0,29
trace000163,span000163,,2025-01-15T10:00:54+00:00,api-gateway,/v1/users,cache-service,/get,5.2,5.3,30
trace000164,span000164,,2025-01-15T10:00:54+00:00,api-gateway,/v1/users,db-service,/query,14.5,14.4,30
trace000165,span000165,,2025-01-15T10:00:54+00:00,api-gateway,/v1/orders,inventory-service,/check,21.8,21.6,30
trace000166,span000166,,2025-01-15T10:00:55+00:00,api-gateway,/v1/users,cache-service,/get,5.0,4.8,29
trace000167,span000167,,2025-01-15T10:00:55+00:00,api-gateway,/v1/users,db-service,/query,13.5,13.7,29
trace000168,span000168,,2025-01-15T10:00:55+00:00,api-gateway,/v1/orders,inventory-service,/check,17.2,16.9,29
trace000169,span000169,,2025-01-15T10:00:56+00:00,api-gateway,/v1/users,cache-service,/get,5.4,5.7,29
trace000170,span000170,,2025-01-15T10:00:56+00:00,api-gateway,/v1/users,db-service,/query,14.4,14.3,29
trace000171,span000171,,2025-01-15T10:00:56+00:00,api-gateway,/v1/orders,inventory-service,/check,18.0,17.7,29
trace000172,span000172,,2025-01-15T10:00:57+00:00,api-gateway,/v1/users,cache-service,/get,4.7,4.7,30
trace000173,span000173,,2025-01-15T10:00:57+00:00,api-gateway,/v1/users,db-service,/query,14.3,14.0,30
trace000174,span000174,,2025-01-15T10:00:57+00:00,api-gateway,/v1/orders,inventory-service,/check,22.1,21.9,30
trace000175,span000175,,2025-01-15T10:00:58+00:00,api-gateway,/v1/users,cache-service,/get,4.9,5.1,29
trace000176,span000176,,2025-01-15T10:00:58+00:00,api-gateway,/v1/users,db-service,/query,14.3,14.5,29
trace000177,span000177,,2025-01-15T10:00:58+00:00,api-gateway,/v1/orders,inventory-service,/check,22.2,22.3,29
trace000178,span000178,,2025-01-15T10:00:59+00:00,api-gateway,/v1/users,cache-service,/get,5.4,5.3,29
trace000179,span000179,,2025-01-15T10:00:59+00:00,api-gateway,/v1/users,db-service,/query,15.3,15.3,29
trace000180,span000180,,2025-01-15T10:00:59+00:00,api-gateway,/v1/orders,inventory-service,/check,21.1,21.3,29
trace000181,span000181,,2025-01-15T10:01:00+00:00,api-gateway,/v1/users,cache-service,/get,5.1,5.3,29
trace000182,span000182,,2025-01-15T10:01:00+00:00,api-gateway,/v1/users,db-service,/query,16.8,16.8,29
trace000183,span000183,,2025-01-15T10:01:00+00:00,api-gateway,/v1/orders,inventory-service,/check,21.9,21.7,29
trace000184,span000184,,2025-01-15T10:01:01+00:00,api-gateway,/v1/users,cache-service,/get,5.3,5.2,30
trace000185,span000185,,2025-01-15T10:01:01+00:00,api-gateway,/v1/users,db-service,/query,15.4,15.6,30
trace000186,span000186,,2025-01-15T10:01:01+00:00,api-gateway,/v1/orders,inventory-service,/check,22.1,22.0,30
trace000187,span000187,,2025-01-15T10:01:02+00:00,api-gateway,/v1/users,cache-service,/get,4.7,4.8,29
trace000188,span000188,,2025-01-15T10:01:02+00:00,api-gateway,/v1/users,db-service,/query,13.6,13.6,29
trace000189,span000189,,2025-01-15T10:01:02+00:00,api-gateway,/v1/orders,inventory-service,/check,19.2,19.4,29
trace000190,span000190,,2025-01-15T10:01:03+00:00,api-gateway,/v1/users,cache-service,/get,4.9,5.1,29
trace000191,span000191,,2025-01-15T10:01:03+00:00,api-gateway,/v1/users,db-service,/query,14.3,14.3,29
trace000192,span000192,,2025-01-15T10:01:03+00:00,api-gateway,/v1/orders,inventory-service,/check,20.8,20.5,29
trace000193,span000193,,2025-01-15T10:01:04+00:00,api-gateway,/v1/users,cache-service,/get,5.5,5.6,29
trace000194,span000194,,2025-01-15T10:01:04+00:00,api-gateway,/v1/users,db-service,/query,14.0,14.1,29
trace000195,span000195,,2025-01-15T10:01:04+00:00,api-gateway,/v1/orders,inventory-service,/check,19.1,19.3,29
trace000196,span000196,,2025-01-15T10:01:05+00:00,api-gateway,/v1/users,cache-service,/get,5.4,5.4,29
trace000197,span000197,,2025-01-15T10:01:05+00:00,api-gateway,/v1/users,db-service,/query,13.1,13.1,29
trace000198,span000198,,2025-01-15T10:01:05+00:00,api-gateway,/v1/orders,inventory-service,/check,19.2,19.0,29
trace000199,span000199,,2025-01-15T10:01:06+00:00,api-gateway,/v1/users,cache-service,/get,5.5,5.2,29
trace000200,span000200,,2025-01-15T10:01:06+00:00,api-gateway,/v1/users,db-service,/query,14.4,14.5,29
trace000201,span000201,,2025-01-15T10:01:06+00:00,api-gateway,/v1/orders,inventory-service,/check,20.1,20.2,29
trace000202,span000202,,2025-01-15T10:01:07+00:00,api-gateway,/v1/users,cache-service,/get,4.7,4.8,29
trace000203,span000203,,2025-01-15T10:01:07+00:00,api-gateway,/v1/users,db-service,/query,13.3,13.1,29
trace000204,span000204,,2025-01-15T10:01:07+00:00,api-gateway,/v1/orders,inventory-service,/check,18.5,18.6,29
trace000205,span000205,,2025-01-15T10:01:08+00:00,api-gateway,/v1/users,cache-service,/get,5.2,5.3,30
trace000206,span000206,,2025-01-15T10:01:08+00:00,api-gateway,/v1/users,db-service,/query,15.0,15.2,30
trace000207,span000207,,2025-01-15T10:01:08+00:00,api-gateway,/v1/orders,inventory-service,/check,17.7,17.8,30
trace000208,span000208,,2025-01-15T10:01:09+00:00,api-gateway,/v1/users,cache-service,/get,4.7,4.4,29
trace000209,span000209,,2025-01-15T10:01:09+00:00,api-gateway,/v1/users,db-service,/query,13.5,13.8,29
trace000210,span000210,,2025-01-15T10:01:09+00:00,api-gateway,/v1/orders,inventory-service,/check,18.5,18.5,29
trace000211,span000211,,2025-01-15T10:01:10+00:00,api-gateway,/v1/users,cache-service,/get,5.4,5.2,30
trace000212,span000212,,2025-01-15T10:01:10+00:00,api-gateway,/v1/users,db-service,/query,15.4,15.2,30
trace000213,span000213,,2025-01-15T10:01:10+00:00,api-gateway,/v1/orders,inventory-service,/check,18.3,18.3,30
trace000214,span000214,,2025-01-15T10:01:11+00:00,api-gateway,/v1/users,cache-service,/get,5.2,5.5,30
trace000215,span000215,,2025-01-15T10:01:11+00:00,api-gateway,/v1/users,db-service,/query,14.0,14.2,30
trace000216,span000216,,2025-01-15T10:01:11+00:00,api-gateway,/v1/orders,inventory-service,/check,17.2,17.4,30
trace000217,span000217,,2025-01-15T10:01:12+00:00,api-gateway,/v1/users,cache-service,/get,5.5,5.3,30
trace000218,span000218,,2025-01-15T10:01:12+00:00,api-gateway,/v1/users,db-service,/query,13.3,13.3,30
trace000219,span000219,,2025-01-15T10:01:12+00:00,api-gateway,/v1/orders,inventory-service,/check,18.0,18.2,30
trace000220,span000220,,2025-01-15T10:01:13+00:00,api-gateway,/v1/users,cache-service,/get,5.2,5.1,29
trace000221,span000221,,2025-01-15T10:01:13+00:00,api-gateway,/v1/users,db-service,/query,16.3,16.4,29
trace000222,span000222,,2025-01-15T10:01:13+00:00,api-gateway,/v1/orders,inventory-service,/check,22.4,22.2,29
trace000223,span000223,,2025-01-15T10:01:14+00:00,api-gateway,/v1/users,cache-service,/get,4.8,4.6,30
trace000224,span000224,,2025-01-15T10:01:14+00:00,api-gateway,/v1/users,db-service,/query,15.2,15.4,30
trace000225,span000225,,2025-01-15T10:01:14+00:00,api-gateway,/v1/orders,inventory-service,/check,20.5,20.7,30
trace000226,span000226,,2025-01-15T10:01:15+00:00,api-gateway,/v1/users,cache-service,/get,5.1,5.3,30
trace000227,span000227,,2025-01-15T10:01:15+00:00,api-gateway,/v1/users,db-service,/query,13.7,13.9,30
trace000228,span000228,,2025-01-15T10:01:15+00:00,api-gateway,/v1/orders,inventory-service,/check,19.4,19.4,30
trace000229,span000229,,2025-01-15T10:01:16+00:00,api-gateway,/v1/users,cache-service,/get,5.2,5.4,30
trace000230,span000230,,2025-01-15T10:01:16+00:00,api-gateway,/v1/users,db-service,/query,13.3,13.1,30
trace000231,span000231,,2025-01-15T10:01:16+00:00,api-gateway,/v1/orders,inventory-service,/check,18.4,18.2,30
trace000232,span000232,,2025-01-15T10:01:17+00:00,api-gateway,/v1/users,cache-service,/get,4.6,4.8,30
trace000233,span000233,,2025-01-15T10:01:17+00:00,api-gateway,/v1/users,db-service,/query,14.5,14.7,30
trace000234,span000234,,2025-01-15T10:01:17+00:00,api-gateway,/v1/orders,inventory-service,/check,20.3,20.0,30
trace000235,span000235,,2025-01-15T10:01:18+00:00,api-gateway,/v1/users,cache-service,/get,4.5,4.6,29
trace000236,span000236,,2025-01-15T10:01:18+00:00,api-gateway,/v1/users,db-service,/query,15.0,14.9,29
trace000237,span000237,,2025-01-15T10:01:18+00:00,api-gateway,/v1/orders,inventory-service,/check,20.0,19.9,29
trace000238,span000238,,2025-01-15T10:01:19+00:00,api-gateway,/v1/users,cache-service,/get,5.4,5.2,30
trace000239,span000239,,2025-01-15T10:01:19+00:00,api-gateway,/v1/users,db-service,/query,16.6,16.3,30
trace000240,span000240,,2025-01-15T10:01:19+00:00,api-gateway,/v1/orders,inventory-service,/check,19.1,19.0,30
trace000241,span000241,,2025-01-15T10:01:20+00:00,api-gateway,/v1/users,cache-service,/get,4.9,5.1,29
trace000242,span000242,,2025-01-15T10:01:20+00:00,api-gateway,/v1/users,db-service,/query,14.3,14.6,29
trace000243,span000243,,2025-01-15T10:01:20+00:00,api-gateway,/v1/orders,inventory-service,/check,20.1,20.1,29
trace000244,span000244,,2025-01-15T10:01:21+00:00,api-gateway,/v1/users,cache-service,/get,4.5,4.7,30
trace000245,span000245,,2025-01-15T10:01:21+00:00,api-gateway,/v1/users,db-service,/query,16.7,16.7,30
trace000246,span000246,,2025-01-15T10:01:21+00:00,api-gateway,/v1/orders,inventory-service,/check,21.3,21.4,30
trace000247,span000247,,2025-01-15T10:01:22+00:00,api-gateway,/v1/users,cache-service,/get,5.4,5.5,30
trace000248,span000248,,2025-01-15T10:01:22+00:00,api-gateway,/v1/users,db-service,/query,15.9,15.9,30
trace000249,span000249,,2025-01-15T10:01:22+00:00,api-gateway,/v1/orders,inventory-service,/check,20.2,20.0,30
trace000250,span000250,,2025-01-15T10:01:23+00:00,api-gateway,/v1/users,cache-service,/get,5.0,5.1,29
trace000251,span000251,,2025-01-15T10:01:23+00:00,api-gateway,/v1/users,db-service,/query,15.5,15.3,29
trace000252,span000252,,2025-01-15T10:01:23+00:00,api-gateway,/v1/orders,inventory-service,/check,17.3,17.1,29
trace000253,span000253,,2025-01-15T10:01:24+00:00,api-gateway,/v1/users,cache-service,/get,4.9,5.0,30
trace000254,span000254,,2025-01-15T10:01:24+00:00,api-gateway,/v1/users,db-service,/query,16.6,16.4,30
trace000255,span000255,,2025-01-15T10:01:24+00:00,api-gateway,/v1/orders,inventory-service,/check,17.4,17.3,30
trace000256,span000256,,2025-01-15T10:01:25+00:00,api-gateway,/v1/users,cache-service,/get,5.3,5.1,29
trace000257,span000257,,2025-01-15T10:01:25+00:00,api-gateway,/v1/users,db-service,/query,15.3,15.3,29
trace000258,span000258,,2025-01-15T10:01:25+00:00,api-gateway,/v1/orders,inventory-service,/check,18.2,18.2,29
trace000259,span000259,,2025-01-15T10:01:26+00:00,api-gateway,/v1/users,cache-service,/get,4.9,4.9,29
trace000260,span000260,,2025-01-15T10:01:26+00:00,api-gateway,/v1/users,db-service,/query,14.2,13.9,29
trace000261,span000261,,2025-01-15T10:01:26+00:00,api-gateway,/v1/orders,inventory-service,/check,21.0,20.8,29
trace000262,span000262,,2025-01-15T10:01:27+00:00,api-gateway,/v1/users,cache-service,/get,4.8,4.7,30
trace000263,span000263,,2025-01-15T10:01:27+00:00,api-gateway,/v1/users,db-service,/query,17.0,16.7,30
trace000264,span000264,,2025-01-15T10:01:27+00:00,api-gateway,/v1/orders,inventory-service,/check,18.4,18.5,30
trace000265,span000265,,2025-01-15T10:01:28+00:00,api-gateway,/v1/users,cache-service,/get,4.6,4.5,30
trace000266,span000266,,2025-01-15T10:01:28+00:00,api-gateway,/v1/users,db-service,/query,16.1,16.1,30
trace000267,span000267,,2025-01-15T10:01:28+00:00,api-gateway,/v1/orders,inventory-service,/check,19.4,19.3,30
trace000268,span000268,,2025-01-15T10:01:29+00:00,api-gateway,/v1/users,cache-service,/get,5.1,5.3,29
trace000269,span000269,,2025-01-15T10:01:29+00:00,api-gateway,/v1/users,db-service,/query,16.1,15.9,29
trace000270,span000270,,2025-01-15T10:01:29+00:00,api-gateway,/v1/orders,inventory-service,/check,17.3,17.0,29
trace000271,span000271,,2025-01-15T10:01:30+00:00,api-gateway,/v1/users,cache-service,/get,4.8,4.9,30
trace000272,span000272,,2025-01-15T10:01:30+00:00,api-gateway,/v1/users,db-service,/query,13.9,14.1,30
trace000273,span000273,,2025-01-15T10:01:30+00:00,api-gateway,/v1/orders,inventory-service,/check,18.8,18.6,30
trace000274,span000274,,2025-01-15T10:01:31+00:00,api-gateway,/v1/users,cache-service,/get,5.5,5.4,29
trace000275,span000275,,2025-01-15T10:01:31+00:00,api-gateway,/v1/users,db-service,/query,14.3,14.4,29
trace000276,span000276,,2025-01-15T10:01:31+00:00,api-gateway,/v1/orders,inventory-service,/check,18.4,18.1,29
trace000277,span000277,,2025-01-15T10:01:32+00:00,api-gateway,/v1/users,cache-service,/get,4.8,4.7,29
trace000278,span000278,,2025-01-15T10:01:32+00:00,api-gateway,/v1/users,db-service,/query,13.7,13.8,29
trace000279,span000279,,2025-01-15T10:01:32+00:00,api-gateway,/v1/orders,inventory-service,/check,22.6,22.7,29
trace000280,span000280,,2025-01-15T10:01:33+00:00,api-gateway,/v1/users,cache-service,/get,4.9,4.9,29
trace000281,span000281,,2025-01-15T10:01:33+00:00,api-gateway,/v1/users,db-service,/query,16.6,16.7,29
trace000282,span000282,,2025-01-15T10:01:33+00:00,api-gateway,/v1/orders,inventory-service,/check,21.4,21.5,29
trace000283,span000283,,2025-01-15T10:01:34+00:00,api-gateway,/v1/users,cache-service,/get,5.1,5.3,29
trace000284,span000284,,2025-01-15T10:01:34+00:00,api-gateway,/v1/users,db-service,/query,16.0,15.7,29
trace000285,span000285,,2025-01-15T10:01:34+00:00,api-gateway,/v1/orders,inventory-service,/check,18.1,18.3,29
trace000286,span000286,,2025-01-15T10:01:35+00:00,api-gateway,/v1/users,cache-service,/get,5.4,5.1,29
trace000287,span000287,,2025-01-15T10:01:35+00:00,api-gateway,/v1/users,db-service,/query,16.2,16.5,29
trace000288,span000288,,2025-01-15T10:01:35+00:00,api-gateway,/v1/orders,inventory-service,/check,17.5,17.8,29
trace000289,span000289,,2025-01-15T10:01:36+00:00,api-gateway,/v1/users,cache-service,/get,4.8,4.5,30
trace000290,span000290,,2025-01-15T10:01:36+00:00,api-gateway,/v1/users,db-service,/query,13.3,13.1,30
trace000291,span000291,,2025-01-15T10:01:36+00:00,api-gateway,/v1/orders,inventory-service,/check,21.6,21.7,30
trace000292,span000292,,2025-01-15T10:01:37+00:00,api-gateway,/v1/users,cache-service,/get,5.3,5.1,29
trace000293,span000293,,2025-01-15T10:01:37+00:00,api-gateway,/v1/users,db-service,/query,13.9,13.9,29
trace000294,span000294,,2025-01-15T10:01:37+00:00,api-gateway,/v1/orders,inventory-service,/check,18.5,18.6,29
trace000295,span000295,,2025-01-15T10:01:38+00:00,api-gateway,/v1/users,cache-service,/get,4.9,4.8,29
trace000296,span000296,,2025-01-15T10:01:38+00:00,api-gateway,/v1/users,db-service,/query,13.9,14.0,29
trace000297,span000297,,2025-01-15T10:01:38+00:00,api-gateway,/v1/orders,inventory-service,/check,21.6,21.6,29
trace000298,span000298,,2025-01-15T10:01:39+00:00,api-gateway,/v1/users,cache-service,/get,4.8,5.0,30
trace000299,span000299,,2025-01-15T10:01:39+00:00,api-gateway,/v1/users,db-service,/query,14.8,15.0,30
trace000300,span000300,,2025-01-15T10:01:39+00:00,api-gateway,/v1/orders,inventory-service,/check,18.3,18.3,30
trace000301,span000301,,2025-01-15T10:01:40+00:00,api-gateway,/v1/users,cache-service,/get,4.7,4.5,30
trace000302,span000302,,2025-01-15T10:01:40+00:00,api-gateway,/v1/users,db-service,/query,13.2,13.3,30
trace000303,span000303,,2025-01-15T10:01:40+00:00,api-gateway,/v1/orders,inventory-service,/check,20.7,20.8,30
trace000304,span000304,,2025-01-15T10:01:41+00:00,api-gateway,/v1/users,cache-service,/get,5.1,4.9,29
trace000305,span000305,,2025-01-15T10:01:41+00:00,api-gateway,/v1/users,db-service,/query,16.3,16.6,29
trace000306,span000306,,2025-01-15T10:01:41+00:00,api-gateway,/v1/orders,inventory-service,/check,22.8,23.1,29
trace000307,span000307,,2025-01-15T10:01:42+00:00,api-gateway,/v1/users,cache-service,/get,5.5,5.5,30
trace000308,span000308,,2025-01-15T10:01:42+00:00,api-gateway,/v1/users,db-service,/query,14.4,14.4,30
trace000309,span000309,,2025-01-15T10:01:42+00:00,api-gateway,/v1/orders,inventory-service,/check,21.6,21.5,30
trace000310,span000310,,2025-01-15T10:01:43+00:00,api-gateway,/v1/users,cache-service,/get,4.8,4.6,29
trace000311,span000311,,2025-01-15T10:01:43+00:00,api-gateway,/v1/users,db-service,/query,13.8,14.0,29
trace000312,span000312,,2025-01-15T10:01:43+00:00,api-gateway,/v1/orders,inventory-service,/check,19.5,19.5,29
trace000313,span000313,,2025-01-15T10:01:44+00:00,api-gateway,/v1/users,cache-service,/get,4.6,4.5,30
trace000314,span000314,,2025-01-15T10:01:44+00:00,api-gateway,/v1/users,db-service,/query,16.5,16.2,30
trace000315,span000315,,2025-01-15T10:01:44+00:00,api-gateway,/v1/orders,inventory-service,/check,17.5,17.5,30
trace000316,span000316,,2025-01-15T10:01:45+00:00,api-gateway,/v1/users,cache-service,/get,5.2,5.1,32
trace000317,span000317,,2025-01-15T10:01:45+00:00,api-gateway,/v1/users,db-service,/query,16.1,16.1,32
trace000318,span000318,,2025-01-15T10:01:45+00:00,api-gateway,/v1/orders,inventory-service,/check,20.7,20.7,32
trace000319,span000319,,2025-01-15T10:01:46+00:00,api-gateway,/v1/users,cache-service,/get,5.3,5.4,33
trace000320,span000320,,2025-01-15T10:01:46+00:00,api-gateway,/v1/users,db-service,/query,14.7,14.9,33
trace000321,span000321,,2025-01-15T10:01:46+00:00,api-gateway,/v1/orders,inventory-service,/check,17.9,18.1,33
trace000322,span000322,,2025-01-15T10:01:47+00:00,api-gateway,/v1/users,cache-service,/get,5.2,5.0,36
trace000323,span000323,,2025-01-15T10:01:47+00:00,api-gateway,/v1/users,db-service,/query,15.8,15.6,36
trace000324,span000324,,2025-01-15T10:01:47+00:00,api-gateway,/v1/orders,inventory-service,/check,19.7,19.8,36
trace000325,span000325,,2025-01-15T10:01:48+00:00,api-gateway,/v1/users,cache-service,/get,4.5,4.4,38
trace000326,span000326,,2025-01-15T10:01:48+00:00,api-gateway,/v1/users,db-service,/query,13.9,14.1,38
trace000327,span000327,,2025-01-15T10:01:48+00:00,api-gateway,/v1/orders,inventory-service,/check,19.0,19.2,38
trace000328,span000328,,2025-01-15T10:01:49+00:00,api-gateway,/v1/users,cache-service,/get,5.4,5.5,39
trace000329,span000329,,2025-01-15T10:01:49+00:00,api-gateway,/v1/users,db-service,/query,15.8,15.5,39
trace000330,span000330,,2025-01-15T10:01:49+00:00,api-gateway,/v1/orders,inventory-service,/check,18.3,18.3,39
trace000331,span000331,,2025-01-15T10:01:50+00:00,api-gateway,/v1/users,cache-service,/get,5.4,5.2,41
trace000332,span000332,,2025-01-15T10:01:50+00:00,api-gateway,/v1/users,db-service,/query,34.3,34.2,41
trace000333,span000333,,2025-01-15T10:01:50+00:00,api-gateway,/v1/orders,inventory-service,/check,20.3,20.3,41
trace000334,span000334,,2025-01-15T10:01:51+00:00,api-gateway,/v1/users,cache-service,/get,5.4,5.4,43
trace000335,span000335,,2025-01-15T10:01:51+00:00,api-gateway,/v1/users,db-service,/query,36.5,36.8,43
trace000336,span000336,,2025-01-15T10:01:51+00:00,api-gateway,/v1/orders,inventory-service,/check,21.5,21.5,43
trace000337,span000337,,2025-01-15T10:01:52+00:00,api-gateway,/v1/users,cache-service,/get,5.4,5.7,46
trace000338,span000338,,2025-01-15T10:01:52+00:00,api-gateway,/v1/users,db-service,/query,40.9,40.9,46
trace000339,span000339,,2025-01-15T10:01:52+00:00,api-gateway,/v1/orders,inventory-service,/check,19.2,19.3,46
trace000340,span000340,,2025-01-15T10:01:53+00:00,api-gateway,/v1/users,cache-service,/get,4.8,4.9,47
trace000341,span000341,,2025-01-15T10:01:53+00:00,api-gateway,/v1/users,db-service,/query,43.0,42.7,47
trace000342,span000342,,2025-01-15T10:01:53+00:00,api-gateway,/v1/orders,inventory-service,/check,22.7,22.7,47
trace000343,span000343,,2025-01-15T10:01:54+00:00,api-gateway,/v1/users,cache-service,/get,5.4,5.2,49
trace000344,span000344,,2025-01-15T10:01:54+00:00,api-gateway,/v1/users,db-service,/query,44.3,44.3,49
trace000345,span000345,,2025-01-15T10:01:54+00:00,api-gateway,/v1/orders,inventory-service,/check,21.4,21.4,49
trace000346,span000346,,2025-01-15T10:01:55+00:00,api-gateway,/v1/users,cache-service,/get,5.3,5.4,49
trace000347,span000347,,2025-01-15T10:01:55+00:00,api-gateway,/v1/users,db-service,/query,42.8,42.6,49
trace000348,span000348,,2025-01-15T10:01:55+00:00,api-gateway,/v1/orders,inventory-service,/check,17.1,17.1,49
trace000349,span000349,,2025-01-15T10:01:56+00:00,api-gateway,/v1/users,cache-service,/get,5.0,5.1,50
trace000350,span000350,,2025-01-15T10:01:56+00:00,api-gateway,/v1/users,db-service,/query,46.2,46.1,50
trace000351,span000351,,2025-01-15T10:01:56+00:00,api-gateway,/v1/orders,inventory-service,/check,20.6,20.6,50
trace000352,span000352,,2025-01-15T10:01:57+00:00,api-gateway,/v1/users,cache-service,/get,5.4,5.4,49
trace000353,span000353,,2025-01-15T10:01:57+00:00,api-gateway,/v1/users,db-service,/query,45.1,44.9,49
trace000354,span000354,,2025-01-15T10:01:57+00:00,api-gateway,/v1/orders,inventory-service,/check,19.2,19.4,49
trace000355,span000355,,2025-01-15T10:01:58+00:00,api-gateway,/v1/users,cache-service,/get,5.1,5.3,50
trace000356,span000356,,2025-01-15T10:01:58+00:00,api-gateway,/v1/users,db-service,/query,46.2,46.2,50
trace000357,span000357,,2025-01-15T10:01:58+00:00,api-gateway,/v1/orders,inventory-service,/check,17.3,17.3,50
trace000358,span000358,,2025-01-15T10:01:59+00:00,api-gateway,/v1/users,cache-service,/get,4.8,4.6,49
trace000359,span000359,,2025-01-15T10:01:59+00:00,api-gateway,/v1/users,db-service,/query,45.6,45.6,49
trace000360,span000360,,2025-01-15T10:01:59+00:00,api-gateway,/v1/orders,inventory-service,/check,20.3,20.5,49
trace000361,span000361,,2025-01-15T10:02:00+00:00,api-gateway,/v1/users,cache-service,/get,4.6,4.8,49
trace000362,span000362,,2025-01-15T10:02:00+00:00,api-gateway,/v1/users,db-service,/query,44.4,44.7,49
trace000363,span000363,,2025-01-15T10:02:00+00:00,api-gateway,/v1/orders,inventory-service,/check,21.0,21.1,49
trace000364,span000364,,2025-01-15T10:02:01+00:00,api-gateway,/v1/users,cache-service,/get,4.9,4.8,50
trace000365,span000365,,2025-01-15T10:02:01+00:00,api-gateway,/v1/users,db-service,/query,47.9,47.6,50
trace000366,span000366,,2025-01-15T10:02:01+00:00,api-gateway,/v1/orders,inventory-service,/check,19.9,19.6,50
trace000367,span000367,,2025-01-15T10:02:02+00:00,api-gateway,/v1/users,cache-service,/get,4.6,4.8,50
trace000368,span000368,,2025-01-15T10:02:02+00:00,api-gateway,/v1/users,db-service,/query,43.5,43.4,50
trace000369,span000369,,2025-01-15T10:02:02+00:00,api-gateway,/v1/orders,inventory-service,/check,21.7,21.5,50
trace000370,span000370,,2025-01-15T10:02:03+00:00,api-gateway,/v1/users,cache-service,/get,4.7,4.5,49
trace000371,span000371,,2025-01-15T10:02:03+00:00,api-gateway,/v1/users,db-service,/query,42.3,42.5,49
trace000372,span000372,,2025-01-15T10:02:03+00:00,api-gateway,/v1/orders,inventory-service,/check,20.0,20.0,49
trace000373,span000373,,2025-01-15T10:02:04+00:00,api-gateway,/v1/users,cache-service,/get,5.1,4.9,49
trace000374,span000374,,2025-01-15T10:02:04+00:00,api-gateway,/v1/users,db-service,/query,45.2,45.2,49
trace000375,span000375,,2025-01-15T10:02:04+00:00,api-gateway,/v1/orders,inventory-service,/check,21.5,21.7,49
trace000376,span000376,,2025-01-15T10:02:05+00:00,api-gateway,/v1/users,cache-service,/get,5.1,5.0,50
trace000377,span000377,,2025-01-15T10:02:05+00:00,api-gateway,/v1/users,db-service,/query,45.8,45.9,50
trace000378,span000378,,2025-01-15T10:02:05+00:00,api-gateway,/v1/orders,inventory-service,/check,17.6,17.7,50
trace000379,span000379,,2025-01-15T10:02:06+00:00,api-gateway,/v1/users,cache-service,/get,5.2,5.2,49
trace000380,span000380,,2025-01-15T10:02:06+00:00,api-gateway,/v1/users,db-service,/query,44.8,44.9,49
trace000381,span000381,,2025-01-15T10:02:06+00:00,api-gateway,/v1/orders,inventory-service,/check,17.6,17.7,49
trace000382,span000382,,2025-01-15T10:02:07+00:00,api-gateway,/v1/users,cache-service,/get,5.0,5.0,49
trace000383,span000383,,2025-01-15T10:02:07+00:00,api-gateway,/v1/users,db-service,/query,43.8,43.7,49
trace000384,span000384,,2025-01-15T10:02:07+00:00,api-gateway,/v1/orders,inventory-service,/check,19.7,19.8,49
trace000385,span000385,,2025-01-15T10:02:08+00:00,api-gateway,/v1/users,cache-service,/get,4.8,4.9,49
trace000386,span000386,,2025-01-15T10:02:08+00:00,api-gateway,/v1/users,db-service,/query,43.1,43.0,49
trace000387,span000387,,2025-01-15T10:02:08+00:00,api-gateway,/v1/orders,inventory-service,/check,17.9,17.7,49
trace000388,span000388,,2025-01-15T10:02:09+00:00,api-gateway,/v1/users,cache-service,/get,5.5,5.3,49
trace000389,span000389,,2025-01-15T10:02:09+00:00,api-gateway,/v1/users,db-service,/query,45.3,45.1,49
trace000390,span000390,,2025-01-15T10:02:09+00:00,api-gateway,/v1/orders,inventory-service,/check,19.0,19.2,49
trace000391,span000391,,2025-01-15T10:02:10+00:00,api-gateway,/v1/users,cache-service,/get,5.1,5.4,49
trace000392,span000392,,2025-01-15T10:02:10+00:00,api-gateway,/v1/users,db-service,/query,42.3,42.5,49
trace000393,span000393,,2025-01-15T10:02:10+00:00,api-gateway,/v1/orders,inventory-service,/check,22.5,22.4,49
trace000394,span000394,,2025-01-15T10:02:11+00:00,api-gateway,/v1/users,cache-service,/get,4.6,4.6,50
trace000395,span000395,,2025-01-15T10:02:11+00:00,api-gateway,/v1/users,db-service,/query,44.9,45.1,50
trace000396,span000396,,2025-01-15T10:02:11+00:00,api-gateway,/v1/orders,inventory-service,/check,17.2,17.4,50
trace000397,span000397,,2025-01-15T10:02:12+00:00,api-gateway,/v1/users,cache-service,/get,4.7,4.8,50
trace000398,span000398,,2025-01-15T10:02:12+00:00,api-gateway,/v1/users,db-service,/query,47.1,47.1,50
trace000399,span000399,,2025-01-15T10:02:12+00:00,api-gateway,/v1/orders,inventory-service,/check,20.7,20.6,50
trace000400,span000400,,2025-01-15T10:02:13+00:00,api-gateway,/v1/users,cache-service,/get,4.9,5.2,50
trace000401,span000401,,2025-01-15T10:02:13+00:00,api-gateway,/v1/users,db-service,/query,43.8,43.6,50
trace000402,span000402,,2025-01-15T10:02:13+00:00,api-gateway,/v1/orders,inventory-service,/check,20.3,20.4,50
trace000403,span000403,,2025-01-15T10:02:14+00:00,api-gateway,/v1/users,cache-service,/get,4.5,4.5,50
trace000404,span000404,,2025-01-15T10:02:14+00:00,api-gateway,/v1/users,db-service,/query,46.7,46.4,50
trace000405,span000405,,2025-01-15T10:02:14+00:00,api-gateway,/v1/orders,inventory-service,/check,21.4,21.1,50
trace000406,span000406,,2025-01-15T10:02:15+00:00,api-gateway,/v1/users,cache-service,/get,4.7,4.8,50
trace000407,span000407,,2025-01-15T10:02:15+00:00,api-gateway,/v1/users,db-service,/query,44.8,44.6,50
trace000408,span000408,,2025-01-15T10:02:15+00:00,api-gateway,/v1/orders,inventory-service,/check,18.1,17.9,50
trace000409,span000409,,2025-01-15T10:02:16+00:00,api-gateway,/v1/users,cache-service,/get,5.2,4.9,49
trace000410,span000410,,2025-01-15T10:02:16+00:00,api-gateway,/v1/users,db-service,/query,46.3,46.3,49
trace000411,span000411,,2025-01-15T10:02:16+00:00,api-gateway,/v1/orders,inventory-service,/check,18.1,18.0,49
trace000412,span000412,,2025-01-15T10:02:17+00:00,api-gateway,/v1/users,cache-service,/get,5.1,5.3,50
trace000413,span000413,,2025-01-15T10:02:17+00:00,api-gateway,/v1/users,db-service,/query,46.6,46.5,50
trace000414,span000414,,2025-01-15T10:02:17+00:00,api-gateway,/v1/orders,inventory-service,/check,18.5,18.7,50
trace000415,span000415,,2025-01-15T10:02:18+00:00,api-gateway,/v1/users,cache-service,/get,4.9,4.7,49
trace000416,span000416,,2025-01-15T10:02:18+00:00,api-gateway,/v1/users,db-service,/query,42.9,42.8,49
trace000417,span000417,,2025-01-15T10:02:18+00:00,api-gateway,/v1/orders,inventory-service,/check,22.0,22.1,49
trace000418,span000418,,2025-01-15T10:02:19+00:00,api-gateway,/v1/users,cache-service,/get,5.0,4.7,50
trace000419,span000419,,2025-01-15T10:02:19+00:00,api-gateway,/v1/users,db-service,/query,44.4,44.6,50
trace000420,span000420,,2025-01-15T10:02:19+00:00,api-gateway,/v1/orders,inventory-service,/check,18.6,18.6,50
trace000421,span000421,,2025-01-15T10:02:20+00:00,api-gateway,/v1/users,cache-service,/get,5.0,4.8,49
trace000422,span000422,,2025-01-15T10:02:20+00:00,api-gateway,/v1/users,db-service,/query,42.9,42.9,49
trace000423,span000423,,2025-01-15T10:02:20+00:00,api-gateway,/v1/orders,inventory-service,/check,21.0,20.7,49
trace000424,span000424,,2025-01-15T10:02:21+00:00,api-gateway,/v1/users,cache-service,/get,4.9,4.9,50
trace000425,span000425,,2025-01-15T10:02:21+00:00,api-gateway,/v1/users,db-service,/query,46.0,46.3,50
trace000426,span000426,,2025-01-15T10:02:21+00:00,api-gateway,/v1/orders,inventory-service,/check,20.4,20.1,50
trace000427,span000427,,2025-01-15T10:02:22+00:00,api-gateway,/v1/users,cache-service,/get,5.4,5.5,49
trace000428,span000428,,2025-01-15T10:02:22+00:00,api-gateway,/v1/users,db-service,/query,43.7,43.8,49
trace000429,span000429,,2025-01-15T10:02:22+00:00,api-gateway,/v1/orders,inventory-service,/check,20.0,20.0,49
trace000430,span000430,,2025-01-15T10:02:23+00:00,api-gateway,/v1/users,cache-service,/get,5.5,5.4,50
trace000431,span000431,,2025-01-15T10:02:23+00:00,api-gateway,/v1/users,db-service,/query,45.5,45.3,50
trace000432,span000432,,2025-01-15T10:02:23+00:00,api-gateway,/v1/orders,inventory-service,/check,18.8,18.8,50
trace000433,span000433,,2025-01-15T10:02:24+00:00,api-gateway,/v1/users,cache-service,/get,4.7,4.9,49
trace000434,span000434,,2025-01-15T10:02:24+00:00,api-gateway,/v1/users,db-service,/query,44.5,44.5,49
trace000435,span000435,,2025-01-15T10:02:24+00:00,api-gateway,/v1/orders,inventory-service,/check,18.2,18.5,49
trace000436,span000436,,2025-01-15T10:02:25+00:00,api-gateway,/v1/users,cache-service,/get,5.1,5.3,50
trace000437,span000437,,2025-01-15T10:02:25+00:00,api-gateway,/v1/users,db-service,/query,44.1,44.3,50
trace000438,span000438,,2025-01-15T10:02:25+00:00,api-gateway,/v1/orders,inventory-service,/check,22.3,22.3,50
trace000439,span000439,,2025-01-15T10:02:26+00:00,api-gateway,/v1/users,cache-service,/get,4.7,4.5,49
trace000440,span000440,,2025-01-15T10:02:26+00:00,api-gateway,/v1/users,db-service,/query,45.6,45.5,49
trace000441,span000441,,2025-01-15T10:02:26+00:00,api-gateway,/v1/orders,inventory-service,/check,21.9,22.1,49
trace000442,span000442,,2025-01-15T10:02:27+00:00,api-gateway,/v1/users,cache-service,/get,5.0,5.3,49
trace000443,span000443,,2025-01-15T10:02:27+00:00,api-gateway,/v1/users,db-service,/query,44.2,44.1,49
trace000444,span000444,,2025-01-15T10:02:27+00:00,api-gateway,/v1/orders,inventory-service,/check,17.9,17.8,49
trace000445,span000445,,2025-01-15T10:02:28+00:00,api-gateway,/v1/users,cache-service,/get,4.5,4.6,49
trace000446,span000446,,2025-01-15T10:02:28+00:00,api-gateway,/v1/users,db-service,/query,44.0,44.1,49
trace000447,span000447,,2025-01-15T10:02:28+00:00,api-gateway,/v1/orders,inventory-service,/check,17.3,17.3,49
trace000448,span000448,,2025-01-15T10:02:29+00:00,api-gateway,/v1/users,cache-service,/get,5.4,5.2,49
trace000449,span000449,,2025-01-15T10:02:29+00:00,api-gateway,/v1/users,db-service,/query,46.8,46.5,49
trace000450,span000450,,2025-01-15T10:02:29+00:00,api-gateway,/v1/orders,inventory-service,/check,23.0,23.0,49
trace000451,span000451,,2025-01-15T10:02:30+00:00,api-gateway,/v1/users,cache-service,/get,4.7,4.5,50
trace000452,span000452,,2025-01-15T10:02:30+00:00,api-gateway,/v1/users,db-service,/query,44.9,45.0,50
trace000453,span000453,,2025-01-15T10:02:30+00:00,api-gateway,/v1/orders,inventory-service,/check,21.4,21.3,50
trace000454,span000454,,2025-01-15T10:02:31+00:00,api-gateway,/v1/users,cache-service,/get,5.2,5.1,49
trace000455,span000455,,2025-01-15T10:02:31+00:00,api-gateway,/v1/users,db-service,/query,44.2,44.2,49
trace000456,span000456,,2025-01-15T10:02:31+00:00,api-gateway,/v1/orders,inventory-service,/check,17.6,17.6,49
trace000457,span000457,,2025-01-15T10:02:32+00:00,api-gateway,/v1/users,cache-service,/get,5.4,5.1,49
trace000458,span000458,,2025-01-15T10:02:32+00:00,api-gateway,/v1/users,db-service,/query,43.7,43.4,49
trace000459,span000459,,2025-01-15T10:02:32+00:00,api-gateway,/v1/orders,inventory-service,/check,20.0,20.0,49
trace000460,span000460,,2025-01-15T10:02:33+00:00,api-gateway,/v1/users,cache-service,/get,5.5,5.6,49
trace000461,span000461,,2025-01-15T10:02:33+00:00,api-gateway,/v1/users,db-service,/query,43.3,43.3,49
trace000462,span000462,,2025-01-15T10:02:33+00:00,api-gateway,/v1/orders,inventory-service,/check,18.5,18.7,49
trace000463,span000463,,2025-01-15T10:02:34+00:00,api-gateway,/v1/users,cache-service,/get,5.3,5.0,50
trace000464,span000464,,2025-01-15T10:02:34+00:00,api-gateway,/v1/users,db-service,/query,44.9,45.2,50
trace000465,span000465,,2025-01-15T10:02:34+00:00,api-gateway,/v1/orders,inventory-service,/check,18.0,18.1,50
trace000466,span000466,,2025-01-15T10:02:35+00:00,api-gateway,/v1/users,cache-service,/get,4.7,4.7,49
trace000467,span000467,,2025-01-15T10:02:35+00:00,api-gateway,/v1/users,db-service,/query,44.2,44.1,49
trace000468,span000468,,2025-01-15T10:02:35+00:00,api-gateway,/v1/orders,inventory-service,/check,18.4,18.6,49
trace000469,span000469,,2025-01-15T10:02:36+00:00,api-gateway,/v1/users,cache-service,/get,4.6,4.5,50
trace000470,span000470,,2025-01-15T10:02:36+00:00,api-gateway,/v1/users,db-service,/query,45.7,45.5,50
trace000471,span000471,,2025-01-15T10:02:36+00:00,api-gateway,/v1/orders,inventory-service,/check,21.1,21.3,50
trace000472,span000472,,2025-01-15T10:02:37+00:00,api-gateway,/v1/users,cache-service,/get,4.6,4.3,50
trace000473,span000473,,2025-01-15T10:02:37+00:00,api-gateway,/v1/users,db-service,/query,45.1,45.3,50
trace000474,span000474,,2025-01-15T10:02:37+00:00,api-gateway,/v1/orders,inventory-service,/check,19.9,20.0,50
trace000475,span000475,,2025-01-15T10:02:38+00:00,api-gateway,/v1/users,cache-service,/get,4.6,4.5,49
trace000476,span000476,,2025-01-15T10:02:38+00:00,api-gateway,/v1/users,db-service,/query,43.0,43.0,49
trace000477,span000477,,2025-01-15T10:02:38+00:00,api-gateway,/v1/orders,inventory-service,/check,21.8,22.0,49
trace000478,span000478,,2025-01-15T10:02:39+00:00,api-gateway,/v1/users,cache-service,/get,5.3,5.1,50
trace000479,span000479,,2025-01-15T10:02:39+00:00,api-gateway,/v1/users,db-service,/query,44.2,44.1,50
trace000480,span000480,,2025-01-15T10:02:39+00:00,api-gateway,/v1/orders,inventory-service,/check,20.9,20.9,50
trace000481,span000481,,2025-01-15T10:02:40+00:00,api-gateway,/v1/users,cache-service,/get,4.7,4.7,50
trace000482,span000482,,2025-01-15T10:02:40+00:00,api-gateway,/v1/users,db-service,/query,44.8,44.7,50
trace000483,span000483,,2025-01-15T10:02:40+00:00,api-gateway,/v1/orders,inventory-service,/check,17.4,17.5,50
trace000484,span000484,,2025-01-15T10:02:41+00:00,api-gateway,/v1/users,cache-service,/get,5.1,5.3,50
trace000485,span000485,,2025-01-15T10:02:41+00:00,api-gateway,/v1/users,db-service,/query,44.3,44.0,50
trace000486,span000486,,2025-01-15T10:02:41+00:00,api-gateway,/v1/orders,inventory-service,/check,18.9,19.1,50
trace000487,span000487,,2025-01-15T10:02:42+00:00,api-gateway,/v1/users,cache-service,/get,4.9,4.7,49
trace000488,span000488,,2025-01-15T10:02:42+00:00,api-gateway,/v1/users,db-service,/query,42.1,42.0,49
trace000489,span000489,,2025-01-15T10:02:42+00:00,api-gateway,/v1/orders,inventory-service,/check,19.8,19.8,49
trace000490,span000490,,2025-01-15T10:02:43+00:00,api-gateway,/v1/users,cache-service,/get,5.1,4.9,50
trace000491,span000491,,2025-01-15T10:02:43+00:00,api-gateway,/v1/users,db-service,/query,46.5,46.8,50
trace000492,span000492,,2025-01-15T10:02:43+00:00,api-gateway,/v1/orders,inventory-service,/check,21.9,21.7,50
trace000493,span000493,,2025-01-15T10:02:44+00:00,api-gateway,/v1/users,cache-service,/get,5.3,5.6,49
trace000494,span000494,,2025-01-15T10:02:44+00:00,api-gateway,/v1/users,db-service,/query,43.3,43.2,49
trace000495,span000495,,2025-01-15T10:02:44+00:00,api-gateway,/v1/orders,inventory-service,/check,21.2,21.4,49
trace000496,span000496,,2025-01-15T10:02:45+00:00,api-gateway,/v1/users,cache-service,/get,5.1,5.3,49
trace000497,span000497,,2025-01-15T10:02:45+00:00,api-gateway,/v1/users,db-service,/query,43.6,43.6,49
trace000498,span000498,,2025-01-15T10:02:45+00:00,api-gateway,/v1/orders,inventory-service,/check,18.4,18.5,49
trace000499,span000499,,2025-01-15T10:02:46+00:00,api-gateway,/v1/users,cache-service,/get,4.9,4.7,49
trace000500,span000500,,2025-01-15T10:02:46+00:00,api-gateway,/v1/users,db-service,/query,43.6,43.7,49
trace000501,span000501,,2025-01-15T10:02:46+00:00,api-gateway,/v1/orders,inventory-service,/check,18.5,18.2,49
trace000502,span000502,,2025-01-15T10:02:47+00:00,api-gateway,/v1/users,cache-service,/get,5.1,5.1,49
trace000503,span000503,,2025-01-15T10:02:47+00:00,api-gateway,/v1/users,db-service,/query,42.4,42.3,49
trace000504,span000504,,2025-01-15T10:02:47+00:00,api-gateway,/v1/orders,inventory-service,/check,22.1,21.8,49
trace000505,span000505,,2025-01-15T10:02:48+00:00,api-gateway,/v1/users,cache-service,/get,5.2,5.4,50
trace000506,span000506,,2025-01-15T10:02:48+00:00,api-gateway,/v1/users,db-service,/query,46.6,46.9,50
trace000507,span000507,,2025-01-15T10:02:48+00:00,api-gateway,/v1/orders,inventory-service,/check,18.6,18.4,50
trace000508,span000508,,2025-01-15T10:02:49+00:00,api-gateway,/v1/users,cache-service,/get,4.7,4.8,49
trace000509,span000509,,2025-01-15T10:02:49+00:00,api-gateway,/v1/users,db-service,/query,44.3,44.1,49
trace000510,span000510,,2025-01-15T10:02:49+00:00,api-gateway,/v1/orders,inventory-service,/check,22.6,22.5,49
trace000511,span000511,,2025-01-15T10:02:50+00:00,api-gateway,/v1/users,cache-service,/get,5.4,5.7,49
trace000512,span000512,,2025-01-15T10:02:50+00:00,api-gateway,/v1/users,db-service,/query,42.5,42.4,49
trace000513,span000513,,2025-01-15T10:02:50+00:00,api-gateway,/v1/orders,inventory-service,/check,21.9,21.9,49
trace000514,span000514,,2025-01-15T10:02:51+00:00,api-gateway,/v1/users,cache-service,/get,5.2,5.4,50
trace000515,span000515,,2025-01-15T10:02:51+00:00,api-gateway,/v1/users,db-service,/query,44.6,44.7,50
trace000516,span000516,,2025-01-15T10:02:51+00:00,api-gateway,/v1/orders,inventory-service,/check,17.1,17.3,50
trace000517,span000517,,2025-01-15T10:02:52+00:00,api-gateway,/v1/users,cache-service,/get,5.0,4.7,49
trace000518,span000518,,2025-01-15T10:02:52+00:00,api-gateway,/v1/users,db-service,/query,46.2,46.2,49
trace000519,span000519,,2025-01-15T10:02:52+00:00,api-gateway,/v1/orders,inventory-service,/check,18.8,18.9,49
trace000520,span000520,,2025-01-15T10:02:53+00:00,api-gateway,/v1/users,cache-service,/get,5.4,5.3,50
trace000521,span000521,,2025-01-15T10:02:53+00:00,api-gateway,/v1/users,db-service,/query,46.1,46.1,50
trace000522,span000522,,2025-01-15T10:02:53+00:00,api-gateway,/v1/orders,inventory-service,/check,20.7,20.8,50
trace000523,span000523,,2025-01-15T10:02:54+00:00,api-gateway,/v1/users,cache-service,/get,4.7,4.9,50
trace000524,span000524,,2025-01-15T10:02:54+00:00,api-gateway,/v1/users,db-service,/query,47.9,47.7,50
trace000525,span000525,,2025-01-15T10:02:54+00:00,api-gateway,/v1/orders,inventory-service,/check,20.8,20.8,50
trace000526,span000526,,2025-01-15T10:02:55+00:00,api-gateway,/v1/users,cache-service,/get,5.2,5.2,51
trace000527,span000527,,2025-01-15T10:02:55+00:00,api-gateway,/v1/users,db-service,/query,46.4,46.2,51
trace000528,span000528,,2025-01-15T10:02:55+00:00,api-gateway,/v1/orders,inventory-service,/check,20.4,20.3,51
trace000529,span000529,,2025-01-15T10:02:56+00:00,api-gateway,/v1/users,cache-service,/get,4.8,4.9,53
trace000530,span000530,,2025-01-15T10:02:56+00:00,api-gateway,/v1/users,db-service,/query,48.8,48.8,53
trace000531,span000531,,2025-01-15T10:02:56+00:00,api-gateway,/v1/orders,inventory-service,/check,20.3,20.1,53
trace000532,span000532,,2025-01-15T10:02:57+00:00,api-gateway,/v1/users,cache-service,/get,5.4,5.3,55
trace000533,span000533,,2025-01-15T10:02:57+00:00,api-gateway,/v1/users,db-service,/query,52.1,52.0,55
trace000534,span000534,,2025-01-15T10:02:57+00:00,api-gateway,/v1/orders,inventory-service,/check,17.2,17.1,55
trace000535,span000535,,2025-01-15T10:02:58+00:00,api-gateway,/v1/users,cache-service,/get,4.7,5.0,58
trace000536,span000536,,2025-01-15T10:02:58+00:00,api-gateway,/v1/users,db-service,/query,59.3,59.1,58
trace000537,span000537,,2025-01-15T10:02:58+00:00,api-gateway,/v1/orders,inventory-service,/check,17.7,17.9,58
trace000538,span000538,,2025-01-15T10:02:59+00:00,api-gateway,/v1/users,cache-service,/get,4.6,4.4,60
trace000539,span000539,,2025-01-15T10:02:59+00:00,api-gateway,/v1/users,db-service,/query,58.5,58.8,60
trace000540,span000540,,2025-01-15T10:02:59+00:00,api-gateway,/v1/orders,inventory-service,/check,32.3,32.5,60
trace000541,span000541,,2025-01-15T10:03:00+00:00,api-gateway,/v1/users,cache-service,/get,5.1,4.8,61
trace000542,span000542,,2025-01-15T10:03:00+00:00,api-gateway,/v1/users,db-service,/query,64.7,64.8,61
trace000543,span000543,,2025-01-15T10:03:00+00:00,api-gateway,/v1/orders,inventory-service,/check,29.3,29.3,61
trace000544,span000544,,2025-01-15T10:03:01+00:00,api-gateway,/v1/users,cache-service,/get,4.8,4.8,64
trace000545,span000545,,2025-01-15T10:03:01+00:00,api-gateway,/v1/users,db-service,/query,66.3,66.6,64
trace000546,span000546,,2025-01-15T10:03:01+00:00,api-gateway,/v1/orders,inventory-service,/check,35.4,35.1,64
trace000547,span000547,,2025-01-15T10:03:02+00:00,api-gateway,/v1/users,cache-service,/get,4.7,4.7,66
trace000548,span000548,,2025-01-15T10:03:02+00:00,api-gateway,/v1/users,db-service,/query,68.2,68.1,66
trace000549,span000549,,2025-01-15T10:03:02+00:00,api-gateway,/v1/orders,inventory-service,/check,33.0,32.8,66
trace000550,span000550,,2025-01-15T10:03:03+00:00,api-gateway,/v1/users,cache-service,/get,5.2,5.3,67
trace000551,span000551,,2025-01-15T10:03:03+00:00,api-gateway,/v1/users,db-service,/query,69.4,69.6,67
trace000552,span000552,,2025-01-15T10:03:03+00:00,api-gateway,/v1/orders,inventory-service,/check,37.2,37.1,67
trace000553,span000553,,2025-01-15T10:03:04+00:00,api-gateway,/v1/users,cache-service,/get,4.7,4.8,70
trace000554,span000554,,2025-01-15T10:03:04+00:00,api-gateway,/v1/users,db-service,/query,76.7,76.6,70
trace000555,span000555,,2025-01-15T10:03:04+00:00,api-gateway,/v1/orders,inventory-service,/check,36.3,36.3,70
trace000556,span000556,,2025-01-15T10:03:05+00:00,api-gateway,/v1/users,cache-service,/get,5.2,5.2,70
trace000557,span000557,,2025-01-15T10:03:05+00:00,api-gateway,/v1/users,db-service,/query,77.5,77.4,70
trace000558,span000558,,2025-01-15T10:03:05+00:00,api-gateway,/v1/orders,inventory-service,/check,40.3,40.1,70
trace000559,span000559,,2025-01-15T10:03:06+00:00,api-gateway,/v1/users,cache-service,/get,4.8,4.8,70
trace000560,span000560,,2025-01-15T10:03:06+00:00,api-gateway,/v1/users,db-service,/query,76.5,76.6,70
trace000561,span000561,,2025-01-15T10:03:06+00:00,api-gateway,/v1/orders,inventory-service,/check,40.9,40.7,70
trace000562,span000562,,2025-01-15T10:03:07+00:00,api-gateway,/v1/users,cache-service,/get,5.2,5.5,69
trace000563,span000563,,2025-01-15T10:03:07+00:00,api-gateway,/v1/users,db-service,/query,75.2,75.5,69
trace000564,span000564,,2025-01-15T10:03:07+00:00,api-gateway,/v1/orders,inventory-service,/check,34.3,34.0,69
trace000565,span000565,,2025-01-15T10:03:08+00:00,api-gateway,/v1/users,cache-service,/get,5.4,5.3,70
trace000566,span000566,,2025-01-15T10:03:08+00:00,api-gateway,/v1/users,db-service,/query,76.2,76.1,70
trace000567,span000567,,2025-01-15T10:03:08+00:00,api-gateway,/v1/orders,inventory-service,/check,35.7,36.0,70
trace000568,span000568,,2025-01-15T10:03:09+00:00,api-gateway,/v1/users,cache-service,/get,5.1,5.1,69
trace000569,span000569,,2025-01-15T10:03:09+00:00,api-gateway,/v1/users,db-service,/query,72.3,72.3,69
trace000570,span000570,,2025-01-15T10:03:09+00:00,api-gateway,/v1/orders,inventory-service,/check,34.8,34.7,69
trace000571,span000571,,2025-01-15T10:03:10+00:00,api-gateway,/v1/users,cache-service,/get,5.3,5.5,70
trace000572,span000572,,2025-01-15T10:03:10+00:00,api-gateway,/v1/users,db-service,/query,75.8,75.6,70
trace000573,span000573,,2025-01-15T10:03:10+00:00,api-gateway,/v1/orders,inventory-service,/check,35.3,35.1,70
trace000574,span000574,,2025-01-15T10:03:11+00:00,api-gateway,/v1/users,cache-service,/get,5.2,5.1,69
trace000575,span000575,,2025-01-15T10:03:11+00:00,api-gateway,/v1/users,db-service,/query,72.9,73.0,69
trace000576,span000576,,2025-01-15T10:03:11+00:00,api-gateway,/v1/orders,inventory-service,/check,37.8,37.8,69
trace000577,span000577,,2025-01-15T10:03:12+00:00,api-gateway,/v1/users,cache-service,/get,4.6,4.7,69
trace000578,span000578,,2025-01-15T10:03:12+00:00,api-gateway,/v1/users,db-service,/query,72.6,72.8,69
trace000579,span000579,,2025-01-15T10:03:12+00:00,api-gateway,/v1/orders,inventory-service,/check,39.2,39.3,69
trace000580,span000580,,2025-01-15T10:03:13+00:00,api-gateway,/v1/users,cache-service,/get,5.3,5.0,70
trace000581,span000581,,2025-01-15T10:03:13+00:00,api-gateway,/v1/users,db-service,/query,75.4,75.4,70
trace000582,span000582,,2025-01-15T10:03:13+00:00,api-gateway,/v1/orders,inventory-service,/check,36.0,36.0,70
trace000583,span000583,,2025-01-15T10:03:14+00:00,api-gateway,/v1/users,cache-service,/get,5.1,5.3,70
trace000584,span000584,,2025-01-15T10:03:14+00:00,api-gateway,/v1/users,db-service,/query,76.6,76.5,70
trace000585,span000585,,2025-01-15T10:03:14+00:00,api-gateway,/v1/orders,inventory-service,/check,38.2,38.2,70
trace000586,span000586,,2025-01-15T10:03:15+00:00,api-gateway,/v1/users,cache-service,/get,5.4,5.5,70
trace000587,span000587,,2025-01-15T10:03:15+00:00,api-gateway,/v1/users,db-service,/query,76.7,76.6,70
trace000588,span000588,,2025-01-15T10:03:15+00:00,api-gateway,/v1/orders,inventory-service,/check,39.9,39.8,70
trace000589,span000589,,2025-01-15T10:03:16+00:00,api-gateway,/v1/users,cache-service,/get,4.9,5.1,69
trace000590,span000590,,2025-01-15T10:03:16+00:00,api-gateway,/v1/users,db-service,/query,72.9,72.9,69
trace000591,span000591,,2025-01-15T10:03:16+00:00,api-gateway,/v1/orders,inventory-service,/check,37.6,37.6,69
trace000592,span000592,,2025-01-15T10:03:17+00:00,api-gateway,/v1/users,cache-service,/get,5.1,4.9,70
trace000593,span000593,,2025-01-15T10:03:17+00:00,api-gateway,/v1/users,db-service,/query,75.4,75.6,70
trace000594,span000594,,2025-01-15T10:03:17+00:00,api-gateway,/v1/orders,inventory-service,/check,37.0,37.1,70
trace000595,span000595,,2025-01-15T10:03:18+00:00,api-gateway,/v1/users,cache-service,/get,4.9,4.9,70
trace000596,span000596,,2025-01-15T10:03:18+00:00,api-gateway,/v1/users,db-service,/query,76.6,76.5,70
trace000597,span000597,,2025-01-15T10:03:18+00:00,api-gateway,/v1/orders,inventory-service,/check,40.1,39.8,70
trace000598,span000598,,2025-01-15T10:03:19+00:00,api-gateway,/v1/users,cache-service,/get,4.7,4.9,69
trace000599,span000599,,2025-01-15T10:03:19+00:00,api-gateway,/v1/users,db-service,/query,75.6,75.5,69
trace000600,span000600,,2025-01-15T10:03:19+00:00,api-gateway,/v1/orders,inventory-service,/check,36.7,36.5,69
trace000601,span000601,,2025-01-15T10:03:20+00:00,api-gateway,/v1/users,cache-service,/get,5.2,5.3,69
trace000602,span000602,,2025-01-15T10:03:20+00:00,api-gateway,/v1/users,db-service,/query,74.8,75.1,69
trace000603,span000603,,2025-01-15T10:03:20+00:00,api-gateway,/v1/orders,inventory-service,/check,40.3,40.6,69
trace000604,span000604,,2025-01-15T10:03:21+00:00,api-gateway,/v1/users,cache-service,/get,5.0,5.2,69
trace000605,span000605,,2025-01-15T10:03:21+00:00,api-gateway,/v1/users,db-service,/query,73.4,73.6,69
trace000606,span000606,,2025-01-15T10:03:21+00:00,api-gateway,/v1/orders,inventory-service,/check,36.3,36.4,69
trace000607,span000607,,2025-01-15T10:03:22+00:00,api-gateway,/v1/users,cache-service,/get,5.1,5.2,70
trace000608,span000608,,2025-01-15T10:03:22+00:00,api-gateway,/v1/users,db-service,/query,75.8,75.6,70
trace000609,span000609,,2025-01-15T10:03:22+00:00,api-gateway,/v1/orders,inventory-service,/check,40.3,40.4,70
trace000610,span000610,,2025-01-15T10:03:23+00:00,api-gateway,/v1/users,cache-service,/get,5.1,5.1,69
trace000611,span000611,,2025-01-15T10:03:23+00:00,api-gateway,/v1/users,db-service,/query,75.4,75.2,69
trace000612,span000612,,2025-01-15T10:03:23+00:00,api-gateway,/v1/orders,inventory-service,/check,35.6,35.7,69
trace000613,span000613,,2025-01-15T10:03:24+00:00,api-gateway,/v1/users,cache-service,/get,5.2,5.5,69
trace000614,span000614,,2025-01-15T10:03:24+00:00,api-gateway,/v1/users,db-service,/query,75.3,75.5,69
trace000615,span000615,,2025-01-15T10:03:24+00:00,api-gateway,/v1/orders,inventory-service,/check,38.7,38.6,69
trace000616,span000616,,2025-01-15T10:03:25+00:00,api-gateway,/v1/users,cache-service,/get,5.2,5.2,70
trace000617,span000617,,2025-01-15T10:03:25+00:00,api-gateway,/v1/users,db-service,/query,75.8,75.5,70
trace000618,span000618,,2025-01-15T10:03:25+00:00,api-gateway,/v1/orders,inventory-service,/check,39.2,39.0,70
trace000619,span000619,,2025-01-15T10:03:26+00:00,api-gateway,/v1/users,cache-service,/get,4.8,4.7,69
trace000620,span000620,,2025-01-15T10:03:26+00:00,api-gateway,/v1/users,db-service,/query,74.7,74.8,69
trace000621,span000621,,2025-01-15T10:03:26+00:00,api-gateway,/v1/orders,inventory-service,/check,36.2,36.0,69
trace000622,span000622,,2025-01-15T10:03:27+00:00,api-gateway,/v1/users,cache-service,/get,4.7,4.9,70
trace000623,span000623,,2025-01-15T10:03:27+00:00,api-gateway,/v1/users,db-service,/query,77.2,77.2,70
trace000624,span000624,,2025-01-15T10:03:27+00:00,api-gateway,/v1/orders,inventory-service,/check,36.6,36.8,70
trace000625,span000625,,2025-01-15T10:03:28+00:00,api-gateway,/v1/users,cache-service,/get,4.6,4.9,69
trace000626,span000626,,2025-01-15T10:03:28+00:00,api-gateway,/v1/users,db-service,/query,72.8,73.0,69
trace000627,span000627,,2025-01-15T10:03:28+00:00,api-gateway,/v1/orders,inventory-service,/check,38.2,38.2,69
trace000628,span000628,,2025-01-15T10:03:29+00:00,api-gateway,/v1/users,cache-service,/get,5.1,5.2,69
trace000629,span000629,,2025-01-15T10:03:29+00:00,api-gateway,/v1/users,db-service,/query,74.0,74.1,69
trace000630,span000630,,2025-01-15T10:03:29+00:00,api-gateway,/v1/orders,inventory-service,/check,40.0,40.0,69
trace000631,span000631,,2025-01-15T10:03:30+00:00,api-gateway,/v1/users,cache-service,/get,5.0,5.1,69
trace000632,span000632,,2025-01-15T10:03:30+00:00,api-gateway,/v1/users,db-service,/query,73.2,72.9,69
trace000633,span000633,,2025-01-15T10:03:30+00:00,api-gateway,/v1/orders,inventory-service,/check,40.4,40.1,69
trace000634,span000634,,2025-01-15T10:03:31+00:00,api-gateway,/v1/users,cache-service,/get,5.3,5.2,70
trace000635,span000635,,2025-01-15T10:03:31+00:00,api-gateway,/v1/users,db-service,/query,74.8,74.9,70
trace000636,span000636,,2025-01-15T10:03:31+00:00,api-gateway,/v1/orders,inventory-service,/check,38.7,38.8,70
trace000637,span000637,,2025-01-15T10:03:32+00:00,api-gateway,/v1/users,cache-service,/get,5.4,5.7,70
trace000638,span000638,,2025-01-15T10:03:32+00:00,api-gateway,/v1/users,db-service,/query,74.8,74.8,70
trace000639,span000639,,2025-01-15T10:03:32+00:00,api-gateway,/v1/orders,inventory-service,/check,36.4,36.6,70
trace000640,span000640,,2025-01-15T10:03:33+00:00,api-gateway,/v1/users,cache-service,/get,5.4,5.3,70
trace000641,span000641,,2025-01-15T10:03:33+00:00,api-gateway,/v1/users,db-service,/query,77.1,77.1,70
trace000642,span000642,,2025-01-15T10:03:33+00:00,api-gateway,/v1/orders,inventory-service,/check,39.9,39.9,70
trace000643,span000643,,2025-01-15T10:03:34+00:00,api-gateway,/v1/users,cache-service,/get,5.0,4.9,70
trace000644,span000644,,2025-01-15T10:03:34+00:00,api-gateway,/v1/users,db-service,/query,74.7,74.5,70
trace000645,span000645,,2025-01-15T10:03:34+00:00,api-gateway,/v1/orders,inventory-service,/check,41.0,40.8,70
trace000646,span000646,,2025-01-15T10:03:35+00:00,api-gateway,/v1/users,cache-service,/get,5.3,5.3,69
trace000647,span000647,,2025-01-15T10:03:35+00:00,api-gateway,/v1/users,db-service,/query,74.9,74.8,69
trace000648,span000648,,2025-01-15T10:03:35+00:00,api-gateway,/v1/orders,inventory-service,/check,34.7,34.8,69
trace000649,span000649,,2025-01-15T10:03:36+00:00,api-gateway,/v1/users,cache-service,/get,4.7,4.8,69
trace000650,span000650,,2025-01-15T10:03:36+00:00,api-gateway,/v1/users,db-service,/query,72.9,73.2,69
trace000651,span000651,,2025-01-15T10:03:36+00:00,api-gateway,/v1/orders,inventory-service,/check,37.5,37.7,69
trace000652,span000652,,2025-01-15T10:03:37+00:00,api-gateway,/v1/users,cache-service,/get,4.6,4.8,70
trace000653,span000653,,2025-01-15T10:03:37+00:00,api-gateway,/v1/users,db-service,/query,76.9,76.7,70
trace000654,span000654,,2025-01-15T10:03:37+00:00,api-gateway,/v1/orders,inventory-service,/check,40.7,40.5,70
trace000655,span000655,,2025-01-15T10:03:38+00:00,api-gateway,/v1/users,cache-service,/get,5.2,5.5,70
trace000656,span000656,,2025-01-15T10:03:38+00:00,api-gateway,/v1/users,db-service,/query,76.3,76.1,70
trace000657,span000657,,2025-01-15T10:03:38+00:00,api-gateway,/v1/orders,inventory-service,/check,35.7,35.8,70
trace000658,span000658,,2025-01-15T10:03:39+00:00,api-gateway,/v1/users,cache-service,/get,5.4,5.5,70
trace000659,span000659,,2025-01-15T10:03:39+00:00,api-gateway,/v1/users,db-service,/query,73.6,73.5,70
trace000660,span000660,,2025-01-15T10:03:39+00:00,api-gateway,/v1/orders,inventory-service,/check,40.2,40.3,70
trace000661,span000661,,2025-01-15T10:03:40+00:00,api-gateway,/v1/users,cache-service,/get,4.8,4.7,70
trace000662,span000662,,2025-01-15T10:03:40+00:00,api-gateway,/v1/users,db-service,/query,77.9,78.0,70
trace000663,span000663,,2025-01-15T10:03:40+00:00,api-gateway,/v1/orders,inventory-service,/check,38.9,38.7,70
trace000664,span000664,,2025-01-15T10:03:41+00:00,api-gateway,/v1/users,cache-service,/get,5.4,5.6,69
trace000665,span000665,,2025-01-15T10:03:41+00:00,api-gateway,/v1/users,db-service,/query,73.5,73.5,69
trace000666,span000666,,2025-01-15T10:03:41+00:00,api-gateway,/v1/orders,inventory-service,/check,36.8,36.7,69
trace000667,span000667,,2025-01-15T10:03:42+00:00,api-gateway,/v1/users,cache-service,/get,4.8,4.7,69
trace000668,span000668,,2025-01-15T10:03:42+00:00,api-gateway,/v1/users,db-service,/query,74.3,74.3,69
trace000669,span000669,,2025-01-15T10:03:42+00:00,api-gateway,/v1/orders,inventory-service,/check,37.3,37.1,69
trace000670,span000670,,2025-01-15T10:03:43+00:00,api-gateway,/v1/users,cache-service,/get,5.2,5.5,70
trace000671,span000671,,2025-01-15T10:03:43+00:00,api-gateway,/v1/users,db-service,/query,74.3,74.4,70
trace000672,span000672,,2025-01-15T10:03:43+00:00,api-gateway,/v1/orders,inventory-service,/check,37.2,37.1,70
trace000673,span000673,,2025-01-15T10:03:44+00:00,api-gateway,/v1/users,cache-service,/get,4.8,4.5,69
trace000674,span000674,,2025-01-15T10:03:44+00:00,api-gateway,/v1/users,db-service,/query,75.7,75.8,69
trace000675,span000675,,2025-01-15T10:03:44+00:00,api-gateway,/v1/orders,inventory-service,/check,40.3,40.3,69
trace000676,span000676,,2025-01-15T10:03:45+00:00,api-gateway,/v1/users,cache-service,/get,5.3,5.6,70
trace000677,span000677,,2025-01-15T10:03:45+00:00,api-gateway,/v1/users,db-service,/query,77.6,77.5,70
trace000678,span000678,,2025-01-15T10:03:45+00:00,api-gateway,/v1/orders,inventory-service,/check,39.4,39.3,70
trace000679,span000679,,2025-01-15T10:03:46+00:00,api-gateway,/v1/users,cache-service,/get,4.9,5.1,69
trace000680,span000680,,2025-01-15T10:03:46+00:00,api-gateway,/v1/users,db-service,/query,76.1,76.0,69
trace000681,span000681,,2025-01-15T10:03:46+00:00,api-gateway,/v1/orders,inventory-service,/check,36.9,36.7,69
trace000682,span000682,,2025-01-15T10:03:47+00:00,api-gateway,/v1/users,cache-service,/get,5.5,5.2,69
trace000683,span000683,,2025-01-15T10:03:47+00:00,api-gateway,/v1/users,db-service,/query,75.3,75.3,69
trace000684,span000684,,2025-01-15T10:03:47+00:00,api-gateway,/v1/orders,inventory-service,/check,40.1,39.9,69
trace000685,span000685,,2025-01-15T10:03:48+00:00,api-gateway,/v1/users,cache-service,/get,4.9,4.9,70
trace000686,span000686,,2025-01-15T10:03:48+00:00,api-gateway,/v1/users,db-service,/query,75.2,75.2,70
trace000687,span000687,,2025-01-15T10:03:48+00:00,api-gateway,/v1/orders,inventory-service,/check,40.4,40.7,70
trace000688,span000688,,2025-01-15T10:03:49+00:00,api-gateway,/v1/users,cache-service,/get,4.9,4.9,69
trace000689,span000689,,2025-01-15T10:03:49+00:00,api-gateway,/v1/users,db-service,/query,76.1,76.3,69
trace000690,span000690,,2025-01-15T10:03:49+00:00,api-gateway,/v1/orders,inventory-service,/check,37.9,37.9,69
trace000691,span000691,,2025-01-15T10:03:50+00:00,api-gateway,/v1/users,cache-service,/get,4.7,4.4,69
trace000692,span000692,,2025-01-15T10:03:50+00:00,api-gateway,/v1/users,db-service,/query,76.4,76.5,69
trace000693,span000693,,2025-01-15T10:03:50+00:00,api-gateway,/v1/orders,inventory-service,/check,37.4,37.5,69
trace000694,span000694,,2025-01-15T10:03:51+00:00,api-gateway,/v1/users,cache-service,/get,4.8,4.8,70
trace000695,span000695,,2025-01-15T10:03:51+00:00,api-gateway,/v1/users,db-service,/query,76.3,76.6,70
trace000696,span000696,,2025-01-15T10:03:51+00:00,api-gateway,/v1/orders,inventory-service,/check,35.8,36.0,70
trace000697,span000697,,2025-01-15T10:03:52+00:00,api-gateway,/v1/users,cache-service,/get,5.1,5.2,69
trace000698,span000698,,2025-01-15T10:03:52+00:00,api-gateway,/v1/users,db-service,/query,75.1,75.0,69
trace000699,span000699,,2025-01-15T10:03:52+00:00,api-gateway,/v1/orders,inventory-service,/check,39.9,40.1,69
trace000700,span000700,,2025-01-15T10:03:53+00:00,api-gateway,/v1/users,cache-service,/get,5.4,5.2,70
trace000701,span000701,,2025-01-15T10:03:53+00:00,api-gateway,/v1/users,db-service,/query,77.1,77.0,70
trace000702,span000702,,2025-01-15T10:03:53+00:00,api-gateway,/v1/orders,inventory-service,/check,35.8,35.9,70
trace000703,span000703,,2025-01-15T10:03:54+00:00,api-gateway,/v1/users,cache-service,/get,5.2,5.4,69
trace000704,span000704,,2025-01-15T10:03:54+00:00,api-gateway,/v1/users,db-service,/query,73.7,73.7,69
trace000705,span000705,,2025-01-15T10:03:54+00:00,api-gateway,/v1/orders,inventory-service,/check,36.2,36.5,69
trace000706,span000706,,2025-01-15T10:03:55+00:00,api-gateway,/v1/users,cache-service,/get,4.6,4.7,69
trace000707,span000707,,2025-01-15T10:03:55+00:00,api-gateway,/v1/users,db-service,/query,73.6,73.7,69
trace000708,span000708,,2025-01-15T10:03:55+00:00,api-gateway,/v1/orders,inventory-service,/check,40.2,40.3,69
trace000709,span000709,,2025-01-15T10:03:56+00:00,api-gateway,/v1/users,cache-service,/get,5.1,4.9,70
trace000710,span000710,,2025-01-15T10:03:56+00:00,api-gateway,/v1/users,db-service,/query,74.1,74.4,70
trace000711,span000711,,2025-01-15T10:03:56+00:00,api-gateway,/v1/orders,inventory-service,/check,39.7,39.5,70
trace000712,span000712,,2025-01-15T10:03:57+00:00,api-gateway,/v1/users,cache-service,/get,5.5,5.5,70
trace000713,span000713,,2025-01-15T10:03:57+00:00,api-gateway,/v1/users,db-service,/query,76.1,76.1,70
trace000714,span000714,,2025-01-15T10:03:57+00:00,api-gateway,/v1/orders,inventory-service,/check,41.7,41.4,70
trace000715,span000715,,2025-01-15T10:03:58+00:00,api-gateway,/v1/users,cache-service,/get,4.8,4.6,70
trace000716,span000716,,2025-01-15T10:03:58+00:00,api-gateway,/v1/users,db-service,/query,75.2,75.0,70
trace000717,span000717,,2025-01-15T10:03:58+00:00,api-gateway,/v1/orders,inventory-service,/check,38.7,38.4,70
trace000718,span000718,,2025-01-15T10:03:59+00:00,api-gateway,/v1/users,cache-service,/get,4.5,4.3,70
trace000719,span000719,,2025-01-15T10:03:59+00:00,api-gateway,/v1/users,db-service,/query,74.7,74.5,70
trace000720,span000720,,2025-01-15T10:03:59+00:00,api-gateway,/v1/orders,inventory-service,/check,41.5,41.4,70
trace000721,span000721,,2025-01-15T10:04:00+00:00,api-gateway,/v1/users,cache-service,/get,4.6,4.6,69
trace000722,span000722,,2025-01-15T10:04:00+00:00,api-gateway,/v1/users,db-service,/query,73.1,73.2,69
trace000723,span000723,,2025-01-15T10:04:00+00:00,api-gateway,/v1/orders,inventory-service,/check,35.8,36.0,69
trace000724,span000724,,2025-01-15T10:04:01+00:00,api-gateway,/v1/users,cache-service,/get,4.8,4.9,70
trace000725,span000725,,2025-01-15T10:04:01+00:00,api-gateway,/v1/users,db-service,/query,76.0,75.7,70
trace000726,span000726,,2025-01-15T10:04:01+00:00,api-gateway,/v1/orders,inventory-service,/check,37.4,37.2,70
trace000727,span000727,,2025-01-15T10:04:02+00:00,api-gateway,/v1/users,cache-service,/get,4.6,4.4,70
trace000728,span000728,,2025-01-15T10:04:02+00:00,api-gateway,/v1/users,db-service,/query,76.7,76.8,70
trace000729,span000729,,2025-01-15T10:04:02+00:00,api-gateway,/v1/orders,inventory-service,/check,41.5,41.8,70
trace000730,span000730,,2025-01-15T10:04:03+00:00,api-gateway,/v1/users,cache-service,/get,5.1,5.2,69
trace000731,span000731,,2025-01-15T10:04:03+00:00,api-gateway,/v1/users,db-service,/query,75.8,75.9,69
trace000732,span000732,,2025-01-15T10:04:03+00:00,api-gateway,/v1/orders,inventory-service,/check,40.8,40.7,69
trace000733,span000733,,2025-01-15T10:04:04+00:00,api-gateway,/v1/users,cache-service,/get,4.9,4.9,69
trace000734,span000734,,2025-01-15T10:04:04+00:00,api-gateway,/v1/users,db-service,/query,75.7,75.4,69
trace000735,span000735,,2025-01-15T10:04:04+00:00,api-gateway,/v1/orders,inventory-service,/check,38.8,38.6,69
trace000736,span000736,,2025-01-15T10:04:05+00:00,api-gateway,/v1/users,cache-service,/get,5.5,5.3,66
trace000737,span000737,,2025-01-15T10:04:05+00:00,api-gateway,/v1/users,db-service,/query,70.5,70.5,66
trace000738,span000738,,2025-01-15T10:04:05+00:00,api-gateway,/v1/orders,inventory-service,/check,34.6,34.7,66
trace000739,span000739,,2025-01-15T10:04:06+00:00,api-gateway,/v1/users,cache-service,/get,5.0,4.8,62
trace000740,span000740,,2025-01-15T10:04:06+00:00,api-gateway,/v1/users,db-service,/query,62.0,61.7,62
trace000741,span000741,,2025-01-15T10:04:06+00:00,api-gateway,/v1/orders,inventory-service,/check,29.8,30.0,62
trace000742,span000742,,2025-01-15T10:04:07+00:00,api-gateway,/v1/users,cache-service,/get,5.2,5.0,57
trace000743,span000743,,2025-01-15T10:04:07+00:00,api-gateway,/v1/users,db-service,/query,55.9,56.1,57
trace000744,span000744,,2025-01-15T10:04:07+00:00,api-gateway,/v1/orders,inventory-service,/check,17.0,17.2,57
trace000745,span000745,,2025-01-15T10:04:08+00:00,api-gateway,/v1/users,cache-service,/get,5.2,5.1,53
trace000746,span000746,,2025-01-15T10:04:08+00:00,api-gateway,/v1/users,db-service,/query,50.8,50.5,53
trace000747,span000747,,2025-01-15T10:04:08+00:00,api-gateway,/v1/orders,inventory-service,/check,20.5,20.4,53
trace000748,span000748,,2025-01-15T10:04:09+00:00,api-gateway,/v1/users,cache-service,/get,4.6,4.4,49
trace000749,span000749,,2025-01-15T10:04:09+00:00,api-gateway,/v1/users,db-service,/query,43.6,43.7,49
trace000750,span000750,,2025-01-15T10:04:09+00:00,api-gateway,/v1/orders,inventory-service,/check,20.2,20.0,49
trace000751,span000751,,2025-01-15T10:04:10+00:00,api-gateway,/v1/users,cache-service,/get,5.3,5.6,49
trace000752,span000752,,2025-01-15T10:04:10+00:00,api-gateway,/v1/users,db-service,/query,43.5,43.6,49
trace000753,span000753,,2025-01-15T10:04:10+00:00,api-gateway,/v1/orders,inventory-service,/check,20.6,20.9,49
trace000754,span000754,,2025-01-15T10:04:11+00:00,api-gateway,/v1/users,cache-service,/get,5.5,5.2,50
trace000755,span000755,,2025-01-15T10:04:11+00:00,api-gateway,/v1/users,db-service,/query,45.6,45.5,50
trace000756,span000756,,2025-01-15T10:04:11+00:00,api-gateway,/v1/orders,inventory-service,/check,22.9,22.9,50
trace000757,span000757,,2025-01-15T10:04:12+00:00,api-gateway,/v1/users,cache-service,/get,5.4,5.6,49
trace000758,span000758,,2025-01-15T10:04:12+00:00,api-gateway,/v1/users,db-service,/query,42.4,42.2,49
trace000759,span000759,,2025-01-15T10:04:12+00:00,api-gateway,/v1/orders,inventory-service,/check,20.8,20.8,49
trace000760,span000760,,2025-01-15T10:04:13+00:00,api-gateway,/v1/users,cache-service,/get,4.8,5.1,50
trace000761,span000761,,2025-01-15T10:04:13+00:00,api-gateway,/v1/users,db-service,/query,44.8,44.6,50
trace000762,span000762,,2025-01-15T10:04:13+00:00,api-gateway,/v1/orders,inventory-service,/check,22.8,22.9,50
trace000763,span000763,,2025-01-15T10:04:14+00:00,api-gateway,/v1/users,cache-service,/get,4.7,4.7,50
trace000764,span000764,,2025-01-15T10:04:14+00:00,api-gateway,/v1/users,db-service,/query,44.9,44.8,50
trace000765,span000765,,2025-01-15T10:04:14+00:00,api-gateway,/v1/orders,inventory-service,/check,20.7,20.6,50
trace000766,span000766,,2025-01-15T10:04:15+00:00,api-gateway,/v1/users,cache-service,/get,4.7,4.9,49
trace000767,span000767,,2025-01-15T10:04:15+00:00,api-gateway,/v1/users,db-service,/query,46.6,46.7,49
trace000768,span000768,,2025-01-15T10:04:15+00:00,api-gateway,/v1/orders,inventory-service,/check,21.1,21.0,49
trace000769,span000769,,2025-01-15T10:04:16+00:00,api-gateway,/v1/users,cache-service,/get,5.1,5.4,50
trace000770,span000770,,2025-01-15T10:04:16+00:00,api-gateway,/v1/users,db-service,/query,44.7,44.6,50
trace000771,span000771,,2025-01-15T10:04:16+00:00,api-gateway,/v1/orders,inventory-service,/check,18.1,17.9,50
trace000772,span000772,,2025-01-15T10:04:17+00:00,api-gateway,/v1/users,cache-service,/get,5.4,5.6,50
trace000773,span000773,,2025-01-15T10:04:17+00:00,api-gateway,/v1/users,db-service,/query,45.7,45.7,50
trace000774,span000774,,2025-01-15T10:04:17+00:00,api-gateway,/v1/orders,inventory-service,/check,22.9,23.0,50
trace000775,span000775,,2025-01-15T10:04:18+00:00,api-gateway,/v1/users,cache-service,/get,5.1,4.8,50
trace000776,span000776,,2025-01-15T10:04:18+00:00,api-gateway,/v1/users,db-service,/query,46.6,46.4,50
trace000777,span000777,,2025-01-15T10:04:18+00:00,api-gateway,/v1/orders,inventory-service,/check,20.9,20.8,50
trace000778,span000778,,2025-01-15T10:04:19+00:00,api-gateway,/v1/users,cache-service,/get,4.7,4.6,50
trace000779,span000779,,2025-01-15T10:04:19+00:00,api-gateway,/v1/users,db-service,/query,43.3,43.6,50
trace000780,span000780,,2025-01-15T10:04:19+00:00,api-gateway,/v1/orders,inventory-service,/check,20.2,20.0,50
trace000781,span000781,,2025-01-15T10:04:20+00:00,api-gateway,/v1/users,cache-service,/get,5.0,5.1,50
trace000782,span000782,,2025-01-15T10:04:20+00:00,api-gateway,/v1/users,db-service,/query,46.7,46.9,50
trace000783,span000783,,2025-01-15T10:04:20+00:00,api-gateway,/v1/orders,inventory-service,/check,17.7,17.8,50
trace000784,span000784,,2025-01-15T10:04:21+00:00,api-gateway,/v1/users,cache-service,/get,5.1,5.2,49
trace000785,span000785,,2025-01-15T10:04:21+00:00,api-gateway,/v1/users,db-service,/query,43.3,43.1,49
trace000786,span000786,,2025-01-15T10:04:21+00:00,api-gateway,/v1/orders,inventory-service,/check,19.5,19.3,49
trace000787,span000787,,2025-01-15T10:04:22+00:00,api-gateway,/v1/users,cache-service,/get,4.8,4.7,50
trace000788,span000788,,2025-01-15T10:04:22+00:00,api-gateway,/v1/users,db-service,/query,46.0,45.9,50
trace000789,span000789,,2025-01-15T10:04:22+00:00,api-gateway,/v1/orders,inventory-service,/check,18.3,18.5,50
trace000790,span000790,,2025-01-15T10:04:23+00:00,api-gateway,/v1/users,cache-service,/get,4.9,4.8,49
trace000791,span000791,,2025-01-15T10:04:23+00:00,api-gateway,/v1/users,db-service,/query,43.8,44.0,49
trace000792,span000792,,2025-01-15T10:04:23+00:00,api-gateway,/v1/orders,inventory-service,/check,21.5,21.5,49
trace000793,span000793,,2025-01-15T10:04:24+00:00,api-gateway,/v1/users,cache-service,/get,5.3,5.1,49
trace000794,span000794,,2025-01-15T10:04:24+00:00,api-gateway,/v1/users,db-service,/query,45.0,45.2,49
trace000795,span000795,,2025-01-15T10:04:24+00:00,api-gateway,/v1/orders,inventory-service,/check,18.8,19.0,49
trace000796,span000796,,2025-01-15T10:04:25+00:00,api-gateway,/v1/users,cache-service,/get,5.1,4.8,49
trace000797,span000797,,2025-01-15T10:04:25+00:00,api-gateway,/v1/users,db-service,/query,46.1,46.4,49
trace000798,span000798,,2025-01-15T10:04:25+00:00,api-gateway,/v1/orders,inventory-service,/check,19.0,18.9,49
trace000799,span000799,,2025-01-15T10:04:26+00:00,api-gateway,/v1/users,cache-service,/get,5.1,5.1,50
trace000800,span000800,,2025-01-15T10:04:26+00:00,api-gateway,/v1/users,db-service,/query,45.9,46.2,50
trace000801,span000801,,2025-01-15T10:04:26+00:00,api-gateway,/v1/orders,inventory-service,/check,21.4,21.2,50
trace000802,span000802,,2025-01-15T10:04:27+00:00,api-gateway,/v1/users,cache-service,/get,4.8,4.8,50
trace000803,span000803,,2025-01-15T10:04:27+00:00,api-gateway,/v1/users,db-service,/query,45.6,45.4,50
trace000804,span000804,,2025-01-15T10:04:27+00:00,api-gateway,/v1/orders,inventory-service,/check,21.1,21.3,50
trace000805,span000805,,2025-01-15T10:04:28+00:00,api-gateway,/v1/users,cache-service,/get,4.7,4.6,49
trace000806,span000806,,2025-01-15T10:04:28+00:00,api-gateway,/v1/users,db-service,/query,42.9,43.2,49
trace000807,span000807,,2025-01-15T10:04:28+00:00,api-gateway,/v1/orders,inventory-service,/check,18.0,17.9,49
trace000808,span000808,,2025-01-15T10:04:29+00:00,api-gateway,/v1/users,cache-service,/get,5.1,5.4,49
trace000809,span000809,,2025-01-15T10:04:29+00:00,api-gateway,/v1/users,db-service,/query,46.7,46.8,49
trace000810,span000810,,2025-01-15T10:04:29+00:00,api-gateway,/v1/orders,inventory-service,/check,17.9,18.2,49
trace000811,span000811,,2025-01-15T10:04:30+00:00,api-gateway,/v1/users,cache-service,/get,4.8,4.8,49
trace000812,span000812,,2025-01-15T10:04:30+00:00,api-gateway,/v1/users,db-service,/query,45.0,44.9,49
trace000813,span000813,,2025-01-15T10:04:30+00:00,api-gateway,/v1/orders,inventory-service,/check,20.4,20.2,49
trace000814,span000814,,2025-01-15T10:04:31+00:00,api-gateway,/v1/users,cache-service,/get,4.9,4.7,49
trace000815,span000815,,2025-01-15T10:04:31+00:00,api-gateway,/v1/users,db-service,/query,44.7,44.6,49
trace000816,span000816,,2025-01-15T10:04:31+00:00,api-gateway,/v1/orders,inventory-service,/check,20.9,20.9,49
trace000817,span000817,,2025-01-15T10:04:32+00:00,api-gateway,/v1/users,cache-service,/get,5.2,5.2,49
trace000818,span000818,,2025-01-15T10:04:32+00:00,api-gateway,/v1/users,db-service,/query,43.4,43.3,49
trace000819,span000819,,2025-01-15T10:04:32+00:00,api-gateway,/v1/orders,inventory-service,/check,18.6,18.8,49
trace000820,span000820,,2025-01-15T10:04:33+00:00,api-gateway,/v1/users,cache-service,/get,4.9,5.2,49
trace000821,span000821,,2025-01-15T10:04:33+00:00,api-gateway,/v1/users,db-service,/query,45.7,45.4,49
trace000822,span000822,,2025-01-15T10:04:33+00:00,api-gateway,/v1/orders,inventory-service,/check,20.4,20.7,49
trace000823,span000823,,2025-01-15T10:04:34+00:00,api-gateway,/v1/users,cache-service,/get,4.7,4.5,50
trace000824,span000824,,2025-01-15T10:04:34+00:00,api-gateway,/v1/users,db-service,/query,43.5,43.3,50
trace000825,span000825,,2025-01-15T10:04:34+00:00,api-gateway,/v1/orders,inventory-service,/check,20.7,20.8,50
trace000826,span000826,,2025-01-15T10:04:35+00:00,api-gateway,/v1/users,cache-service,/get,5.4,5.3,50
trace000827,span000827,,2025-01-15T10:04:35+00:00,api-gateway,/v1/users,db-service,/query,47.2,47.4,50
trace000828,span000828,,2025-01-15T10:04:35+00:00,api-gateway,/v1/orders,inventory-service,/check,17.3,17.6,50
trace000829,span000829,,2025-01-15T10:04:36+00:00,api-gateway,/v1/users,cache-service,/get,5.1,4.9,49
trace000830,span000830,,2025-01-15T10:04:36+00:00,api-gateway,/v1/users,db-service,/query,44.9,45.0,49
trace000831,span000831,,2025-01-15T10:04:36+00:00,api-gateway,/v1/orders,inventory-service,/check,21.2,21.3,49
trace000832,span000832,,2025-01-15T10:04:37+00:00,api-gateway,/v1/users,cache-service,/get,4.7,4.6,49
trace000833,span000833,,2025-01-15T10:04:37+00:00,api-gateway,/v1/users,db-service,/query,45.7,45.7,49
trace000834,span000834,,2025-01-15T10:04:37+00:00,api-gateway,/v1/orders,inventory-service,/check,22.8,23.0,49
trace000835,span000835,,2025-01-15T10:04:38+00:00,api-gateway,/v1/users,cache-service,/get,4.7,5.0,50
trace000836,span000836,,2025-01-15T10:04:38+00:00,api-gateway,/v1/users,db-service,/query,48.1,48.3,50
trace000837,span000837,,2025-01-15T10:04:38+00:00,api-gateway,/v1/orders,inventory-service,/check,21.9,21.7,50
trace000838,span000838,,2025-01-15T10:04:39+00:00,api-gateway,/v1/users,cache-service,/get,4.7,4.6,50
trace000839,span000839,,2025-01-15T10:04:39+00:00,api-gateway,/v1/users,db-service,/query,44.0,44.0,50
trace000840,span000840,,2025-01-15T10:04:39+00:00,api-gateway,/v1/orders,inventory-service,/check,21.8,22.1,50
trace000841,span000841,,2025-01-15T10:04:40+00:00,api-gateway,/v1/users,cache-service,/get,4.6,4.3,45
trace000842,span000842,,2025-01-15T10:04:40+00:00,api-gateway,/v1/users,db-service,/query,38.2,37.9,45
trace000843,span000843,,2025-01-15T10:04:40+00:00,api-gateway,/v1/orders,inventory-service,/check,20.4,20.2,45
trace000844,span000844,,2025-01-15T10:04:41+00:00,api-gateway,/v1/users,cache-service,/get,5.3,5.1,41
trace000845,span000845,,2025-01-15T10:04:41+00:00,api-gateway,/v1/users,db-service,/query,30.6,30.7,41
trace000846,span000846,,2025-01-15T10:04:41+00:00,api-gateway,/v1/orders,inventory-service,/check,17.2,17.3,41
trace000847,span000847,,2025-01-15T10:04:42+00:00,api-gateway,/v1/users,cache-service,/get,5.4,5.1,38
trace000848,span000848,,2025-01-15T10:04:42+00:00,api-gateway,/v1/users,db-service,/query,16.7,17.0,38
trace000849,span000849,,2025-01-15T10:04:42+00:00,api-gateway,/v1/orders,inventory-service,/check,18.4,18.4,38
trace000850,span000850,,2025-01-15T10:04:43+00:00,api-gateway,/v1/users,cache-service,/get,5.5,5.6,34
trace000851,span000851,,2025-01-15T10:04:43+00:00,api-gateway,/v1/users,db-service,/query,13.6,13.7,34
trace000852,span000852,,2025-01-15T10:04:43+00:00,api-gateway,/v1/orders,inventory-service,/check,20.3,20.2,34
trace000853,span000853,,2025-01-15T10:04:44+00:00,api-gateway,/v1/users,cache-service,/get,4.6,4.9,30
trace000854,span000854,,2025-01-15T10:04:44+00:00,api-gateway,/v1/users,db-service,/query,15.4,15.2,30
trace000855,span000855,,2025-01-15T10:04:44+00:00,api-gateway,/v1/orders,inventory-service,/check,20.2,20.3,30
trace000856,span000856,,2025-01-15T10:04:45+00:00,api-gateway,/v1/users,cache-service,/get,4.8,5.0,30
trace000857,span000857,,2025-01-15T10:04:45+00:00,api-gateway,/v1/users,db-service,/query,15.3,15.2,30
trace000858,span000858,,2025-01-15T10:04:45+00:00,api-gateway,/v1/orders,inventory-service,/check,18.7,18.5,30
trace000859,span000859,,2025-01-15T10:04:46+00:00,api-gateway,/v1/users,cache-service,/get,5.1,5.3,29
trace000860,span000860,,2025-01-15T10:04:46+00:00,api-gateway,/v1/users,db-service,/query,13.5,13.2,29
trace000861,span000861,,2025-01-15T10:04:46+00:00,api-gateway,/v1/orders,inventory-service,/check,20.9,20.9,29
trace000862,span000862,,2025-01-15T10:04:47+00:00,api-gateway,/v1/users,cache-service,/get,5.1,5.3,30
trace000863,span000863,,2025-01-15T10:04:47+00:00,api-gateway,/v1/users,db-service,/query,13.8,13.5,30
trace000864,span000864,,2025-01-15T10:04:47+00:00,api-gateway,/v1/orders,inventory-service,/check,22.6,22.5,30
trace000865,span000865,,2025-01-15T10:04:48+00:00,api-gateway,/v1/users,cache-service,/get,5.2,5.0,30
trace000866,span000866,,2025-01-15T10:04:48+00:00,api-gateway,/v1/users,db-service,/query,13.8,13.5,30
trace000867,span000867,,2025-01-15T10:04:48+00:00,api-gateway,/v1/orders,inventory-service,/check,22.5,22.5,30
trace000868,span000868,,2025-01-15T10:04:49+00:00,api-gateway,/v1/users,cache-service,/get,5.1,5.2,30
trace000869,span000869,,2025-01-15T10:04:49+00:00,api-gateway,/v1/users,db-service,/query,16.8,17.1,30
trace000870,span000870,,2025-01-15T10:04:49+00:00,api-gateway,/v1/orders,inventory-service,/check,17.2,16.9,30
trace000871,span000871,,2025-01-15T10:04:50+00:00,api-gateway,/v1/users,cache-service,/get,5.2,5.3,30
trace000872,span000872,,2025-01-15T10:04:50+00:00,api-gateway,/v1/users,db-service,/query,14.8,14.9,30
trace000873,span000873,,2025-01-15T10:04:50+00:00,api-gateway,/v1/orders,inventory-service,/check,17.5,17.8,30
trace000874,span000874,,2025-01-15T10:04:51+00:00,api-gateway,/v1/users,cache-service,/get,5.1,5.0,30
trace000875,span000875,,2025-01-15T10:04:51+00:00,api-gateway,/v1/users,db-service,/query,14.8,14.9,30
trace000876,span000876,,2025-01-15T10:04:51+00:00,api-gateway,/v1/orders,inventory-service,/check,17.9,17.8,30
trace000877,span000877,,2025-01-15T10:04:52+00:00,api-gateway,/v1/users,cache-service,/get,4.5,4.7,29
trace000878,span000878,,2025-01-15T10:04:52+00:00,api-gateway,/v1/users,db-service,/query,13.9,13.8,29
trace000879,span000879,,2025-01-15T10:04:52+00:00,api-gateway,/v1/orders,inventory-service,/check,20.8,21.1,29
trace000880,span000880,,2025-01-15T10:04:53+00:00,api-gateway,/v1/users,cache-service,/get,5.5,5.4,30
trace000881,span000881,,2025-01-15T10:04:53+00:00,api-gateway,/v1/users,db-service,/query,15.2,15.1,30
trace000882,span000882,,2025-01-15T10:04:53+00:00,api-gateway,/v1/orders,inventory-service,/check,20.4,20.2,30
trace000883,span000883,,2025-01-15T10:04:54+00:00,api-gateway,/v1/users,cache-service,/get,5.0,4.9,29
trace000884,span000884,,2025-01-15T10:04:54+00:00,api-gateway,/v1/users,db-service,/query,13.8,13.7,29
trace000885,span000885,,2025-01-15T10:04:54+00:00,api-gateway,/v1/orders,inventory-service,/check,20.0,20.1,29
trace000886,span000886,,2025-01-15T10:04:55+00:00,api-gateway,/v1/users,cache-service,/get,5.3,5.2,30
trace000887,span000887,,2025-01-15T10:04:55+00:00,api-gateway,/v1/users,db-service,/query,15.8,15.8,30
trace000888,span000888,,2025-01-15T10:04:55+00:00,api-gateway,/v1/orders,inventory-service,/check,21.8,21.9,30
trace000889,span000889,,2025-01-15T10:04:56+00:00,api-gateway,/v1/users,cache-service,/get,5.1,5.1,29
trace000890,span000890,,2025-01-15T10:04:56+00:00,api-gateway,/v1/users,db-service,/query,13.7,13.5,29
trace000891,span000891,,2025-01-15T10:04:56+00:00,api-gateway,/v1/orders,inventory-service,/check,20.9,21.0,29
trace000892,span000892,,2025-01-15T10:04:57+00:00,api-gateway,/v1/users,cache-service,/get,5.3,5.6,29
trace000893,span000893,,2025-01-15T10:04:57+00:00,api-gateway,/v1/users,db-service,/query,14.1,14.3,29
trace000894,span000894,,2025-01-15T10:04:57+00:00,api-gateway,/v1/orders,inventory-service,/check,20.9,20.8,29
trace000895,span000895,,2025-01-15T10:04:58+00:00,api-gateway,/v1/users,cache-service,/get,4.7,4.6,29
trace000896,span000896,,2025-01-15T10:04:58+00:00,api-gateway,/v1/users,db-service,/query,16.3,16.5,29
trace000897,span000897,,2025-01-15T10:04:58+00:00,api-gateway,/v1/orders,inventory-service,/check,20.7,21.0,29
trace000898,span000898,,2025-01-15T10:04:59+00:00,api-gateway,/v1/users,cache-service,/get,5.4,5.6,29
trace000899,span000899,,2025-01-15T10:04:59+00:00,api-gateway,/v1/users,db-service,/query,16.8,16.9,29
trace000900,span000900,,2025-01-15T10:04:59+00:00,api-gateway,/v1/orders,inventory-service,/check,17.6,17.5,29
trace000901,span000901,,2025-01-15T10:05:00+00:00,api-gateway,/v1/users,cache-service,/get,5.4,5.1,29
trace000902,span000902,,2025-01-15T10:05:00+00:00,api-gateway,/v1/users,db-service,/query,13.8,13.8,29
trace000903,span000903,,2025-01-15T10:05:00+00:00,api-gateway,/v1/orders,inventory-service,/check,21.9,21.8,29
trace000904,span000904,,2025-01-15T10:05:01+00:00,api-gateway,/v1/users,cache-service,/get,4.8,4.9,29
trace000905,span000905,,2025-01-15T10:05:01+00:00,api-gateway,/v1/users,db-service,/query,13.7,13.5,29
trace000906,span000906,,2025-01-15T10:05:01+00:00,api-gateway,/v1/orders,inventory-service,/check,19.5,19.4,29
trace000907,span000907,,2025-01-15T10:05:02+00:00,api-gateway,/v1/users,cache-service,/get,5.0,5.1,29
trace000908,span000908,,2025-01-15T10:05:02+00:00,api-gateway,/v1/users,db-service,/query,16.1,16.0,29
trace000909,span000909,,2025-01-15T10:05:02+00:00,api-gateway,/v1/orders,inventory-service,/check,21.7,21.9,29
trace000910,span000910,,2025-01-15T10:05:03+00:00,api-gateway,/v1/users,cache-service,/get,5.2,5.3,29
trace000911,span000911,,2025-01-15T10:05:03+00:00,api-gateway,/v1/users,db-service,/query,14.6,14.6,29
trace000912,span000912,,2025-01-15T10:05:03+00:00,api-gateway,/v1/orders,inventory-service,/check,19.1,19.2,29
trace000913,span000913,,2025-01-15T10:05:04+00:00,api-gateway,/v1/users,cache-service,/get,5.0,5.3,29
trace000914,span000914,,2025-01-15T10:05:04+00:00,api-gateway,/v1/users,db-service,/query,16.7,16.9,29
trace000915,span000915,,2025-01-15T10:05:04+00:00,api-gateway,/v1/orders,inventory-service,/check,19.6,19.5,29
trace000916,span000916,,2025-01-15T10:05:05+00:00,api-gateway,/v1/users,cache-service,/get,5.5,5.3,29
trace000917,span000917,,2025-01-15T10:05:05+00:00,api-gateway,/v1/users,db-service,/query,14.5,14.6,29
trace000918,span000918,,2025-01-15T10:05:05+00:00,api-gateway,/v1/orders,inventory-service,/check,22.2,22.4,29
trace000919,span000919,,2025-01-15T10:05:06+00:00,api-gateway,/v1/users,cache-service,/get,4.6,4.8,29
trace000920,span000920,,2025-01-15T10:05:06+00:00,api-gateway,/v1/users,db-service,/query,14.0,14.1,29
trace000921,span000921,,2025-01-15T10:05:06+00:00,api-gateway,/v1/orders,inventory-service,/check,18.0,18.0,29
trace000922,span000922,,2025-01-15T10:05:07+00:00,api-gateway,/v1/users,cache-service,/get,4.7,4.4,29
trace000923,span000923,,2025-01-15T10:05:07+00:00,api-gateway,/v1/users,db-service,/query,15.5,15.6,29
trace000924,span000924,,2025-01-15T10:05:07+00:00,api-gateway,/v1/orders,inventory-service,/check,20.1,20.0,29
trace000925,span000925,,2025-01-15T10:05:08+00:00,api-gateway,/v1/users,cache-service,/get,4.7,4.8,30
trace000926,span000926,,2025-01-15T10:05:08+00:00,api-gateway,/v1/users,db-service,/query,13.4,13.3,30
trace000927,span000927,,2025-01-15T10:05:08+00:00,api-gateway,/v1/orders,inventory-service,/check,17.9,17.7,30
trace000928,span000928,,2025-01-15T10:05:09+00:00,api-gateway,/v1/users,cache-service,/get,4.7,4.7,30
trace000929,span000929,,2025-01-15T10:05:09+00:00,api-gateway,/v1/users,db-service,/query,16.4,16.6,30
trace000930,span000930,,2025-01-15T10:05:09+00:00,api-gateway,/v1/orders,inventory-service,/check,19.9,20.0,30
trace000931,span000931,,2025-01-15T10:05:10+00:00,api-gateway,/v1/users,cache-service,/get,5.4,5.2,29
trace000932,span000932,,2025-01-15T10:05:10+00:00,api-gateway,/v1/users,db-service,/query,13.2,13.1,29
trace000933,span000933,,2025-01-15T10:05:10+00:00,api-gateway,/v1/orders,inventory-service,/check,19.1,19.2,29
trace000934,span000934,,2025-01-15T10:05:11+00:00,api-gateway,/v1/users,cache-service,/get,4.9,4.8,30
trace000935,span000935,,2025-01-15T10:05:11+00:00,api-gateway,/v1/users,db-service,/query,15.3,15.4,30
trace000936,span000936,,2025-01-15T10:05:11+00:00,api-gateway,/v1/orders,inventory-service,/check,20.9,20.6,30
trace000937,span000937,,2025-01-15T10:05:12+00:00,api-gateway,/v1/users,cache-service,/get,4.9,5.2,30
trace000938,span000938,,2025-01-15T10:05:12+00:00,api-gateway,/v1/users,db-service,/query,13.7,13.4,30
trace000939,span000939,,2025-01-15T10:05:12+00:00,api-gateway,/v1/orders,inventory-service,/check,18.4,18.7,30
trace000940,span000940,,2025-01-15T10:05:13+00:00,api-gateway,/v1/users,cache-service,/get,4.9,4.7,30
trace000941,span000941,,2025-01-15T10:05:13+00:00,api-gateway,/v1/users,db-service,/query,14.5,14.7,30
trace000942,span000942,,2025-01-15T10:05:13+00:00,api-gateway,/v1/orders,inventory-service,/check,21.1,21.3,30
trace000943,span000943,,2025-01-15T10:05:14+00:00,api-gateway,/v1/users,cache-service,/get,5.0,5.1,29
trace000944,span000944,,2025-01-15T10:05:14+00:00,api-gateway,/v1/users,db-service,/query,13.8,13.7,29
trace000945,span000945,,2025-01-15T10:05:14+00:00,api-gateway,/v1/orders,inventory-service,/check,17.2,17.2,29
